2020-04-01 18:08:18,148.00,24.00
2020-04-01 18:08:20,38.00,23.10
2020-04-01 18:08:26,40.00,23.20
2020-04-01 18:08:28,40.00,23.20
2020-04-01 18:08:30,39.00,23.20
2020-04-01 18:08:40,39.00,23.20
2020-04-01 18:08:42,39.00,23.20
2020-04-01 18:08:44,39.00,23.20
2020-04-01 18:08:46,39.00,23.30
2020-04-01 18:08:48,39.00,23.20
2020-04-01 18:08:50,39.00,23.20
2020-04-01 18:08:52,39.00,23.30
2020-04-01 18:08:54,39.00,23.20
2020-04-01 18:08:57,39.00,23.20
2020-04-01 18:08:59,39.00,23.30
2020-04-01 18:09:01,39.00,23.30
2020-04-01 18:09:03,39.00,23.30
2020-04-01 18:09:05,39.00,23.30
2020-04-01 18:09:07,39.00,23.30
2020-04-01 18:09:11,39.00,23.30
2020-04-01 18:09:15,39.00,23.30
2020-04-01 18:09:17,39.00,23.30
2020-04-01 18:09:21,39.00,23.30
2020-04-01 18:09:25,39.00,23.30
2020-04-01 18:09:59,147.00,23.90
2020-04-01 18:10:01,39.00,23.20
2020-04-01 18:10:06,39.00,23.20
2020-04-01 18:10:12,39.00,23.20
2020-04-01 18:10:26,39.00,23.30
2020-04-01 18:10:30,39.00,23.30
2020-04-01 18:10:50,39.00,23.30
2020-04-01 18:11:20,39.00,23.30
2020-04-01 18:11:35,40.00,23.30
2020-04-01 18:11:51,39.00,23.30
2020-04-01 18:12:01,39.00,23.30
2020-04-01 18:12:21,39.00,23.30
2020-04-01 18:12:31,39.00,23.30
2020-04-01 18:12:46,39.00,23.30
2020-04-01 18:12:52,39.00,23.30
2020-04-01 18:13:10,39.00,23.30
2020-04-01 18:13:40,39.00,23.40
2020-04-01 18:13:56,39.00,23.30
2020-04-01 18:14:11,39.00,23.30
2020-04-01 18:14:17,39.00,23.40
2020-04-01 18:14:21,39.00,23.30
2020-04-01 18:14:23,39.00,23.40
2020-04-01 18:14:31,39.00,23.40
2020-04-01 18:14:41,39.00,23.30
2020-04-01 18:14:45,39.00,23.40
2020-04-01 18:14:51,39.00,23.30
2020-04-01 18:15:01,39.00,23.40
2020-04-01 18:15:09,39.00,23.40
2020-04-01 18:15:32,39.00,23.40
2020-04-01 18:15:42,39.00,23.40
2020-04-01 18:15:52,39.00,23.30
2020-04-01 18:16:02,39.00,23.40
2020-04-01 18:16:30,39.00,23.40
2020-04-01 18:16:41,39.00,23.40
2020-04-01 18:16:51,39.00,23.40
2020-04-01 18:17:11,39.00,23.40
2020-04-01 18:17:13,39.00,23.40
2020-04-01 18:17:17,39.00,23.40
2020-04-01 18:17:27,39.00,23.40
2020-04-01 18:17:31,39.00,23.40
2020-04-01 18:17:37,39.00,23.40
2020-04-01 18:17:39,39.00,23.40
2020-04-01 18:17:41,39.00,23.40
2020-04-01 18:17:43,39.00,23.40
2020-04-01 18:17:51,39.00,23.40
2020-04-01 18:18:02,39.00,23.30
2020-04-01 18:18:04,39.00,23.40
2020-04-01 18:18:06,39.00,23.40
2020-04-01 18:18:12,39.00,23.40
2020-04-01 18:18:22,39.00,23.30
2020-04-01 18:18:26,39.00,23.40
2020-04-01 18:18:32,39.00,23.40
2020-04-01 18:18:42,39.00,23.40
2020-04-01 18:18:52,39.00,23.40
2020-04-01 18:18:56,39.00,23.40
2020-04-01 18:18:58,148.00,24.00
2020-04-01 18:19:00,148.00,24.00
2020-04-01 18:19:02,148.00,24.00
2020-04-01 18:19:06,148.00,24.00
2020-04-01 18:19:10,40.00,23.40
2020-04-01 18:19:12,148.00,24.00
2020-04-01 18:19:15,148.00,24.00
2020-04-01 18:19:17,148.00,24.00
2020-04-01 18:19:21,40.00,23.40
2020-04-01 18:19:23,148.00,24.00
2020-04-01 18:19:25,148.00,24.00
2020-04-01 18:19:27,40.00,23.40
2020-04-01 18:19:31,40.00,23.40
2020-04-01 18:19:33,148.00,24.00
2020-04-01 18:19:37,148.00,24.00
2020-04-01 18:19:41,148.00,24.00
2020-04-01 18:19:45,148.00,24.00
2020-04-01 18:19:47,148.00,24.00
2020-04-01 18:19:49,148.00,24.00
2020-04-01 18:19:51,148.00,24.00
2020-04-01 18:19:55,148.00,24.00
2020-04-01 18:19:59,148.00,24.00
2020-04-01 18:20:01,40.00,23.40
2020-04-01 18:20:03,148.00,24.00
2020-04-01 18:20:05,148.00,24.00
2020-04-01 18:20:07,148.00,24.00
2020-04-01 18:20:09,148.00,24.00
2020-04-01 18:20:11,40.00,23.40
2020-04-01 18:20:15,148.00,24.00
2020-04-01 18:20:19,148.00,24.00
2020-04-01 18:20:21,40.00,23.40
2020-04-01 18:20:23,148.00,24.00
2020-04-01 18:20:25,148.00,24.00
2020-04-01 18:20:29,148.00,24.00
2020-04-01 18:20:31,40.00,23.40
2020-04-01 18:20:34,148.00,24.00
2020-04-01 18:20:36,148.00,24.00
2020-04-01 18:20:38,148.00,24.00
2020-04-01 18:20:40,40.00,23.40
2020-04-01 18:20:44,148.00,24.00
2020-04-01 18:20:46,40.00,23.40
2020-04-01 18:20:50,148.00,24.00
2020-04-01 18:20:54,148.00,24.00
2020-04-01 18:20:56,40.00,23.40
2020-04-01 18:21:00,148.00,24.00
2020-04-01 18:21:04,148.00,24.00
2020-04-01 18:21:06,40.00,23.40
2020-04-01 18:21:08,148.00,24.00
2020-04-01 18:21:10,148.00,24.00
2020-04-01 18:21:14,148.00,24.00
2020-04-01 18:21:16,40.00,23.40
2020-04-01 18:21:20,148.00,24.00
2020-04-01 18:21:22,40.00,23.40
2020-04-01 18:21:24,148.00,24.00
2020-04-01 18:21:26,40.00,23.40
2020-04-01 18:21:30,148.00,24.00
2020-04-01 18:21:34,148.00,24.00
2020-04-01 18:21:36,148.00,24.00
2020-04-01 18:21:38,148.00,24.00
2020-04-01 18:21:40,148.00,24.00
2020-04-01 18:21:44,148.00,24.00
2020-04-01 18:21:48,148.00,24.00
2020-04-01 18:21:51,148.00,24.00
2020-04-01 18:21:53,40.00,23.40
2020-04-01 18:21:55,40.00,23.40
2020-04-01 18:21:57,40.00,23.40
2020-04-01 18:21:59,148.00,24.00
2020-04-01 18:22:03,40.00,23.40
2020-04-01 18:22:05,40.00,23.40
2020-04-01 18:22:09,148.00,24.00
2020-04-01 18:22:11,40.00,23.40
2020-04-01 18:22:13,40.00,23.40
2020-04-01 18:22:15,40.00,23.40
2020-04-01 18:22:17,40.00,23.40
2020-04-01 18:22:19,148.00,24.00
2020-04-01 18:22:23,148.00,24.00
2020-04-01 18:22:25,148.00,24.00
2020-04-01 18:22:29,148.00,24.00
2020-04-01 18:22:31,148.00,24.00
2020-04-01 18:22:33,148.00,24.00
2020-04-01 18:22:35,148.00,24.00
2020-04-01 18:22:37,148.00,24.00
2020-04-01 18:22:39,148.00,24.00
2020-04-01 18:22:41,40.00,23.40
2020-04-01 18:22:43,148.00,24.00
2020-04-01 18:22:45,148.00,24.00
2020-04-01 18:22:47,40.00,23.40
2020-04-01 18:22:49,148.00,24.00
2020-04-01 18:22:53,148.00,24.00
2020-04-01 18:22:55,40.00,23.40
2020-04-01 18:22:57,39.00,23.40
2020-04-01 18:22:59,148.00,24.00
2020-04-01 18:23:01,40.00,23.40
2020-04-01 18:23:03,148.00,24.00
2020-04-01 18:23:05,148.00,24.00
2020-04-01 18:23:10,148.00,24.00
2020-04-01 18:23:14,148.00,24.00
2020-04-01 18:23:18,148.00,24.00
2020-04-01 18:23:22,39.00,23.40
2020-04-01 18:23:24,39.00,23.40
2020-04-01 18:23:32,39.00,23.40
2020-04-01 18:23:36,148.00,24.00
2020-04-01 18:23:38,148.00,24.00
2020-04-01 18:23:42,40.00,23.40
2020-04-01 18:23:46,148.00,24.00
2020-04-01 18:23:48,148.00,24.00
2020-04-01 18:23:50,40.00,23.40
2020-04-01 18:23:52,40.00,23.40
2020-04-01 18:23:56,148.00,24.00
2020-04-01 18:24:00,148.00,24.00
2020-04-01 18:24:04,148.00,24.00
2020-04-01 18:24:08,148.00,24.00
2020-04-01 18:24:10,40.00,23.40
2020-04-01 18:24:12,40.00,23.40
2020-04-01 18:24:14,148.00,24.00
2020-04-01 18:24:18,148.00,24.00
2020-04-01 18:24:22,40.00,23.40
2020-04-01 18:24:24,148.00,24.00
2020-04-01 18:24:26,148.00,24.00
2020-04-01 18:24:29,148.00,24.00
2020-04-01 18:24:31,148.00,24.00
2020-04-01 18:24:33,40.00,23.40
2020-04-01 18:24:35,40.00,23.40
2020-04-01 18:24:39,148.00,24.00
2020-04-01 18:24:43,40.00,23.40
2020-04-01 18:24:45,148.00,24.00
2020-04-01 18:24:49,148.00,24.00
2020-04-01 18:24:51,148.00,24.00
2020-04-01 18:24:53,40.00,23.40
2020-04-01 18:24:55,40.00,23.40
2020-04-01 18:24:57,40.00,23.40
2020-04-01 18:24:59,148.00,24.00
2020-04-01 18:25:03,148.00,24.00
2020-04-01 18:25:05,148.00,24.00
2020-04-01 18:25:07,148.00,24.00
2020-04-01 18:25:09,148.00,24.00
2020-04-01 18:25:13,148.00,24.00
2020-04-01 18:25:15,148.00,24.00
2020-04-01 18:25:17,40.00,23.40
2020-04-01 18:25:19,148.00,24.00
2020-04-01 18:25:21,148.00,24.00
2020-04-01 18:25:23,148.00,24.00
2020-04-01 18:25:25,148.00,24.00
2020-04-01 18:25:29,148.00,24.00
2020-04-01 18:25:33,148.00,24.00
2020-04-01 18:25:35,148.00,24.00
2020-04-01 18:25:37,148.00,24.00
2020-04-01 18:25:39,148.00,24.00
2020-04-01 18:25:43,148.00,24.00
2020-04-01 18:25:46,148.00,24.00
2020-04-01 18:25:48,40.00,23.40
2020-04-01 18:25:50,148.00,24.00
2020-04-01 18:25:54,148.00,24.00
2020-04-01 18:25:58,148.00,24.00
2020-04-01 18:26:00,40.00,23.40
2020-04-01 18:26:02,40.00,23.40
2020-04-01 18:26:04,148.00,24.00
2020-04-01 18:26:08,148.00,24.00
2020-04-01 18:26:10,40.00,23.40
2020-04-01 18:26:12,40.00,23.40
2020-04-01 18:26:14,148.00,24.00
2020-04-01 18:26:18,148.00,24.00
2020-04-01 18:26:20,148.00,24.00
2020-04-01 18:26:22,40.00,23.40
2020-04-01 18:26:24,148.00,24.00
2020-04-01 18:26:28,148.00,24.00
2020-04-01 18:26:32,40.00,23.40
2020-04-01 18:26:34,148.00,24.00
2020-04-01 18:26:38,148.00,24.00
2020-04-01 18:26:40,148.00,24.00
2020-04-01 18:26:42,40.00,23.40
2020-04-01 18:26:44,148.00,24.00
2020-04-01 18:26:46,148.00,24.00
2020-04-01 18:26:48,148.00,24.00
2020-04-01 18:26:52,40.00,23.40
2020-04-01 18:26:56,40.00,23.40
2020-04-01 18:26:58,148.00,24.00
2020-04-01 18:27:00,148.00,24.00
2020-04-01 18:27:02,40.00,23.40
2020-04-01 18:27:07,40.00,23.40
2020-04-01 18:27:09,40.00,23.40
2020-04-01 18:27:11,40.00,23.40
2020-04-01 18:27:13,40.00,23.40
2020-04-01 18:27:17,148.00,24.00
2020-04-01 18:27:21,148.00,24.00
2020-04-01 18:27:23,40.00,23.40
2020-04-01 18:27:25,148.00,24.00
2020-04-01 18:27:27,40.00,23.40
2020-04-01 18:27:31,148.00,24.00
2020-04-01 18:27:33,40.00,23.40
2020-04-01 18:27:35,148.00,24.00
2020-04-01 18:27:37,40.00,23.40
2020-04-01 18:27:41,148.00,24.00
2020-04-01 18:27:45,148.00,24.00
2020-04-01 18:27:49,148.00,24.00
2020-04-01 18:27:51,148.00,24.00
2020-04-01 18:27:55,148.00,24.00
2020-04-01 18:27:59,148.00,24.00
2020-04-01 18:28:01,148.00,24.00
2020-04-01 18:28:13,41.00,23.40
2020-04-01 18:28:17,40.00,23.40
2020-04-01 18:28:19,40.00,23.40
2020-04-01 18:28:24,148.00,24.00
2020-04-01 18:28:26,148.00,24.00
2020-04-01 18:28:28,40.00,23.40
2020-04-01 18:28:30,148.00,24.00
2020-04-01 18:28:34,148.00,24.00
2020-04-01 18:28:38,40.00,23.40
2020-04-01 18:28:40,148.00,24.00
2020-04-01 18:28:42,40.00,23.40
2020-04-01 18:28:44,40.00,23.40
2020-04-01 18:28:48,40.00,23.40
2020-04-01 18:28:52,148.00,24.00
2020-04-01 18:28:56,148.00,24.00
2020-04-01 18:28:58,148.00,24.00
2020-04-01 18:29:00,148.00,24.00
2020-04-01 18:29:02,148.00,24.00
2020-04-01 18:29:04,148.00,24.00
2020-04-01 18:29:06,148.00,24.00
2020-04-01 18:29:10,148.00,24.00
2020-04-01 18:29:14,148.00,24.00
2020-04-01 18:29:16,148.00,24.00
2020-04-01 18:29:18,40.00,23.40
2020-04-01 18:29:20,148.00,24.00
2020-04-01 18:29:24,148.00,24.00
2020-04-01 18:29:28,40.00,23.40
2020-04-01 18:29:32,40.00,23.40
2020-04-01 18:29:36,148.00,24.00
2020-04-01 18:29:43,39.00,23.40
2020-04-01 18:29:47,39.00,23.40
2020-04-01 18:29:57,40.00,23.40
2020-04-01 18:29:59,148.00,24.00
2020-04-01 18:30:01,148.00,24.00
2020-04-01 18:30:03,40.00,23.40
2020-04-01 18:30:05,40.00,23.40
2020-04-01 18:30:07,40.00,23.40
2020-04-01 18:30:09,148.00,24.00
2020-04-01 18:30:11,40.00,23.40
2020-04-01 18:30:15,148.00,24.00
2020-04-01 18:30:17,40.00,23.40
2020-04-01 18:30:19,148.00,24.00
2020-04-01 18:30:21,148.00,24.00
2020-04-01 18:30:25,148.00,24.00
2020-04-01 18:30:29,148.00,24.00
2020-04-01 18:30:33,40.00,23.40
2020-04-01 18:30:37,40.00,23.40
2020-04-01 18:30:39,148.00,24.00
2020-04-01 18:30:41,148.00,24.00
2020-04-01 18:30:43,40.00,23.40
2020-04-01 18:30:47,40.00,23.40
2020-04-01 18:30:49,148.00,24.00
2020-04-01 18:30:51,40.00,23.40
2020-04-01 18:30:53,40.00,23.40
2020-04-01 18:30:57,40.00,23.40
2020-04-01 18:31:02,148.00,24.00
2020-04-01 18:31:06,148.00,24.00
2020-04-01 18:31:10,148.00,24.00
2020-04-01 18:31:12,148.00,24.00
2020-04-01 18:31:14,40.00,23.40
2020-04-01 18:31:16,148.00,24.00
2020-04-01 18:31:20,148.00,24.00
2020-04-01 18:31:22,40.00,23.40
2020-04-01 18:31:24,148.00,24.00
2020-04-01 18:31:26,148.00,24.00
2020-04-01 18:31:30,148.00,24.00
2020-04-01 18:31:32,148.00,24.00
2020-04-01 18:31:36,148.00,24.00
2020-04-01 18:31:40,148.00,24.00
2020-04-01 18:31:42,40.00,23.30
2020-04-01 18:31:48,40.00,23.40
2020-04-01 18:31:50,40.00,23.40
2020-04-01 18:31:52,40.00,23.30
2020-04-01 18:31:56,148.00,24.00
2020-04-01 18:32:00,148.00,24.00
2020-04-01 18:32:08,40.00,23.30
2020-04-01 18:32:12,40.00,23.40
2020-04-01 18:32:18,40.00,23.40
2020-04-01 18:32:21,40.00,23.40
2020-04-01 18:32:23,40.00,23.40
2020-04-01 18:32:27,148.00,24.00
2020-04-01 18:32:37,148.00,24.00
2020-04-01 18:32:39,40.00,23.30
2020-04-01 18:32:41,40.00,23.30
2020-04-01 18:32:49,40.00,23.40
2020-04-01 18:32:53,40.00,23.30
2020-04-01 18:32:55,40.00,23.30
2020-04-01 18:33:03,40.00,23.30
2020-04-01 18:33:07,40.00,23.30
2020-04-01 18:33:09,40.00,23.30
2020-04-01 18:33:13,40.00,23.30
2020-04-01 18:33:17,40.00,23.40
2020-04-01 18:33:19,40.00,23.30
2020-04-01 18:33:23,40.00,23.30
2020-04-01 18:33:27,40.00,23.30
2020-04-01 18:33:33,40.00,23.30
2020-04-01 18:33:37,40.00,23.30
2020-04-01 18:33:40,40.00,23.30
2020-04-01 18:33:44,40.00,23.30
2020-04-01 18:33:54,40.00,23.30
2020-04-01 18:33:58,40.00,23.30
2020-04-01 18:34:08,40.00,23.30
2020-04-01 18:34:14,40.00,23.30
2020-04-01 18:34:24,40.00,23.30
2020-04-01 18:34:38,40.00,23.30
2020-04-01 18:34:48,40.00,23.30
2020-04-01 18:34:52,40.00,23.30
2020-04-01 18:35:13,40.00,23.30
2020-04-01 18:35:19,40.00,23.30
2020-04-01 18:35:21,40.00,23.30
2020-04-01 18:35:39,40.00,23.30
2020-04-01 18:35:49,40.00,23.30
2020-04-01 18:35:57,40.00,23.30
2020-04-01 18:36:07,40.00,23.30
2020-04-01 18:36:09,40.00,23.30
2020-04-01 18:36:13,40.00,23.30
2020-04-01 18:36:18,40.00,23.30
2020-04-01 18:36:20,40.00,23.30
2020-04-01 18:36:34,40.00,23.30
2020-04-01 18:36:48,40.00,23.30
2020-04-01 18:36:54,40.00,23.30
2020-04-01 18:37:04,40.00,23.30
2020-04-01 18:37:08,40.00,23.30
2020-04-01 18:37:10,40.00,23.30
2020-04-01 18:37:12,40.00,23.30
2020-04-01 18:37:14,40.00,23.30
2020-04-01 18:37:18,40.00,23.30
2020-04-01 18:37:24,40.00,23.30
2020-04-01 18:37:28,40.00,23.30
2020-04-01 18:37:32,40.00,23.30
2020-04-01 18:37:39,40.00,23.30
2020-04-01 18:37:49,40.00,23.30
2020-04-01 18:37:53,40.00,23.30
2020-04-01 18:37:59,40.00,23.30
2020-04-01 18:38:03,40.00,23.30
2020-04-01 18:38:23,40.00,23.30
2020-04-01 18:38:29,40.00,23.30
2020-04-01 18:38:33,40.00,23.30
2020-04-01 18:38:39,40.00,23.30
2020-04-01 18:38:49,40.00,23.30
2020-04-01 18:38:54,40.00,23.30
2020-04-01 18:39:00,40.00,23.30
2020-04-01 18:39:04,40.00,23.30
2020-04-01 18:39:08,40.00,23.30
2020-04-01 18:39:10,40.00,23.30
2020-04-01 18:39:14,40.00,23.30
2020-04-01 18:39:18,40.00,23.30
2020-04-01 18:39:24,40.00,23.30
2020-04-01 18:39:28,40.00,23.30
2020-04-01 18:39:34,40.00,23.30
2020-04-01 18:39:38,40.00,23.30
2020-04-01 18:39:44,40.00,23.30
2020-04-01 18:39:48,40.00,23.30
2020-04-01 18:39:54,40.00,23.30
2020-04-01 18:39:56,40.00,23.30
2020-04-01 18:40:04,41.00,23.30
2020-04-01 18:40:08,40.00,23.30
2020-04-01 18:40:15,40.00,23.30
2020-04-01 18:40:19,40.00,23.30
2020-04-01 18:40:29,40.00,23.30
2020-04-01 18:40:35,40.00,23.30
2020-04-01 18:40:43,40.00,23.30
2020-04-01 18:40:49,40.00,23.30
2020-04-01 18:40:59,40.00,23.30
2020-04-01 18:41:03,40.00,23.30
2020-04-01 18:41:09,40.00,23.30
2020-04-01 18:41:19,40.00,23.30
2020-04-01 18:41:23,40.00,23.30
2020-04-01 18:41:30,40.00,23.30
2020-04-01 18:41:34,40.00,23.30
2020-04-01 18:41:44,40.00,23.30
2020-04-01 18:41:54,40.00,23.30
2020-04-01 18:41:56,40.00,23.30
2020-04-01 18:42:04,40.00,23.30
2020-04-01 18:42:14,40.00,23.30
2020-04-01 18:42:24,40.00,23.30
2020-04-01 18:42:28,40.00,23.30
2020-04-01 18:42:34,40.00,23.30
2020-04-01 18:42:36,40.00,23.30
2020-04-01 18:42:38,40.00,23.30
2020-04-01 18:42:44,40.00,23.30
2020-04-01 18:42:49,40.00,23.30
2020-04-01 18:42:55,40.00,23.30
2020-04-01 18:42:59,40.00,23.30
2020-04-01 18:43:05,40.00,23.30
2020-04-01 18:43:09,40.00,23.30
2020-04-01 18:43:11,40.00,23.30
2020-04-01 18:43:15,40.00,23.30
2020-04-01 18:43:19,40.00,23.30
2020-04-01 18:43:25,40.00,23.30
2020-04-01 18:43:29,40.00,23.30
2020-04-01 18:43:31,40.00,23.30
2020-04-01 18:43:35,40.00,23.30
2020-04-01 18:43:39,40.00,23.30
2020-04-01 18:44:10,40.00,23.30
2020-04-01 18:44:20,40.00,23.30
2020-04-01 18:44:30,40.00,23.30
2020-04-01 18:44:34,40.00,23.30
2020-04-01 18:44:40,40.00,23.30
2020-04-01 18:44:44,40.00,23.30
2020-04-01 18:44:50,40.00,23.30
2020-04-01 18:44:54,40.00,23.30
2020-04-01 18:45:00,40.00,23.30
2020-04-01 18:45:04,40.00,23.30
2020-04-01 18:45:10,40.00,23.30
2020-04-01 18:45:14,40.00,23.30
2020-04-01 18:45:20,40.00,23.30
2020-04-01 18:45:25,40.00,23.30
2020-04-01 18:45:29,40.00,23.30
2020-04-01 18:45:45,40.00,23.30
2020-04-01 18:45:55,40.00,23.30
2020-04-01 18:45:57,40.00,23.30
2020-04-01 18:46:05,40.00,23.30
2020-04-01 18:46:15,39.00,23.30
2020-04-01 18:46:19,39.00,23.30
2020-04-01 18:46:21,39.00,23.30
2020-04-01 18:46:25,40.00,23.30
2020-04-01 18:46:35,40.00,23.30
2020-04-01 18:46:54,40.00,23.30
2020-04-01 18:47:56,148.00,23.90
2020-04-01 18:48:00,148.00,23.90
2020-04-01 18:48:11,148.00,23.90
2020-04-01 18:48:15,148.00,23.90
2020-04-01 18:48:17,148.00,23.90
2020-04-01 18:48:19,148.00,23.90
2020-04-01 18:48:21,40.00,23.20
2020-04-01 18:48:25,40.00,23.30
2020-04-01 18:48:27,148.00,23.90
2020-04-01 18:48:31,148.00,23.90
2020-04-01 18:48:39,148.00,23.90
2020-04-01 18:48:45,40.00,23.20
2020-04-01 18:48:49,148.00,23.90
2020-04-01 18:48:53,148.00,23.90
2020-04-01 18:49:36,39.00,23.30
2020-04-01 18:50:45,39.00,23.30
2020-04-01 18:50:47,39.00,23.30
2020-04-01 18:50:55,39.00,23.30
2020-04-01 18:51:11,39.00,23.30
2020-04-01 18:51:29,39.00,23.30
2020-04-01 18:51:31,39.00,23.30
2020-04-01 18:51:35,39.00,23.30
2020-04-01 18:52:36,39.00,23.30
2020-04-01 18:52:40,39.00,23.30
2020-04-01 18:52:46,39.00,23.30
2020-04-01 18:53:21,39.00,23.30
2020-04-01 18:53:25,39.00,23.30
2020-04-01 18:54:29,39.00,23.30
2020-04-01 18:55:08,39.00,23.30
2020-04-01 18:55:16,39.00,23.30
2020-04-01 18:55:18,39.00,23.30
2020-04-01 18:55:20,39.00,23.30
2020-04-01 18:55:46,39.00,23.30
2020-04-01 18:56:15,39.00,23.30
2020-04-01 18:56:25,39.00,23.30
2020-04-01 18:56:45,39.00,23.30
2020-04-01 18:56:55,39.00,23.30
2020-04-01 18:57:11,39.00,23.30
2020-04-01 18:57:26,39.00,23.30
2020-04-01 18:57:30,39.00,23.30
2020-04-01 18:57:32,39.00,23.30
2020-04-01 18:57:36,39.00,23.30
2020-04-01 18:57:40,39.00,23.20
2020-04-01 18:57:42,39.00,23.30
2020-04-01 18:58:06,39.00,23.20
2020-04-01 19:00:26,39.00,23.20
2020-04-01 19:00:50,147.00,23.90
2020-04-01 19:01:00,39.00,23.20
2020-04-01 19:01:17,39.00,23.20
2020-04-01 19:01:41,39.00,23.20
2020-04-01 19:01:47,39.00,23.20
2020-04-01 19:02:36,39.00,23.20
2020-04-01 19:03:28,39.00,23.20
2020-04-01 19:03:47,39.00,23.30
2020-04-01 19:03:57,39.00,23.30
2020-04-01 19:04:17,39.00,23.30
2020-04-01 19:04:27,39.00,23.30
2020-04-01 19:04:29,39.00,23.20
2020-04-01 19:04:47,39.00,23.30
2020-04-01 19:05:26,39.00,23.30
2020-04-01 19:05:46,39.00,23.30
2020-04-01 19:05:52,39.00,23.30
2020-04-01 19:05:56,39.00,23.30
2020-04-01 19:05:58,39.00,23.30
2020-04-01 19:06:06,39.00,23.30
2020-04-01 19:06:12,39.00,23.30
2020-04-01 19:06:27,39.00,23.30
2020-04-01 19:08:42,39.00,23.20
2020-04-01 19:09:07,39.00,23.20
2020-04-01 19:09:17,39.00,23.20
2020-04-01 19:09:25,148.00,23.90
2020-04-01 19:09:29,148.00,23.90
2020-04-01 19:09:37,39.00,23.20
2020-04-01 19:09:39,39.00,23.20
2020-04-01 19:09:43,39.00,23.20
2020-04-01 19:10:01,39.00,23.20
2020-04-01 19:10:03,39.00,23.20
2020-04-01 19:10:07,39.00,23.20
2020-04-01 19:10:09,39.00,23.20
2020-04-01 19:10:11,39.00,23.30
2020-04-01 19:10:28,39.00,23.20
2020-04-01 19:10:38,39.00,23.20
2020-04-01 19:10:48,39.00,23.20
2020-04-01 19:11:08,39.00,23.20
2020-04-01 19:11:16,39.00,23.20
2020-04-01 19:11:36,39.00,23.20
2020-04-01 19:12:03,39.00,23.30
2020-04-01 19:12:07,39.00,23.20
2020-04-01 19:12:09,39.00,23.20
2020-04-01 19:12:13,39.00,23.30
2020-04-01 19:12:17,39.00,23.30
2020-04-01 19:12:27,39.00,23.30
2020-04-01 19:12:33,39.00,23.20
2020-04-01 19:12:37,39.00,23.20
2020-04-01 19:12:47,39.00,23.20
2020-04-01 19:12:51,39.00,23.20
2020-04-01 19:12:53,39.00,23.30
2020-04-01 19:12:58,39.00,23.30
2020-04-01 19:13:18,39.00,23.30
2020-04-01 19:13:28,39.00,23.30
2020-04-01 19:13:32,39.00,23.30
2020-04-01 19:13:48,39.00,23.30
2020-04-01 19:14:08,39.00,23.20
2020-04-01 19:14:10,39.00,23.20
2020-04-01 19:14:27,39.00,23.20
2020-04-01 19:14:33,39.00,23.20
2020-04-01 19:14:47,39.00,23.20
2020-04-01 19:14:57,39.00,23.20
2020-04-01 19:15:09,148.00,23.90
2020-04-01 19:15:13,39.00,23.20
2020-04-01 19:15:15,39.00,23.20
2020-04-01 19:15:27,39.00,23.20
2020-04-01 19:15:33,39.00,23.20
2020-04-01 19:15:38,40.00,23.20
2020-04-01 19:15:42,148.00,23.90
2020-04-01 19:15:46,148.00,23.90
2020-04-01 19:15:50,148.00,23.90
2020-04-01 19:15:52,148.00,23.90
2020-04-01 19:15:58,40.00,23.20
2020-04-01 19:16:00,148.00,23.90
2020-04-01 19:16:04,148.00,23.90
2020-04-01 19:16:10,39.00,23.20
2020-04-01 19:16:12,40.00,23.20
2020-04-01 19:16:14,148.00,23.90
2020-04-01 19:16:20,148.00,23.90
2020-04-01 19:16:24,148.00,23.90
2020-04-01 19:16:26,148.00,23.90
2020-04-01 19:16:32,148.00,23.90
2020-04-01 19:16:34,148.00,23.90
2020-04-01 19:16:36,148.00,23.90
2020-04-01 19:16:40,148.00,23.90
2020-04-01 19:16:44,148.00,23.90
2020-04-01 19:16:46,148.00,23.90
2020-04-01 19:16:48,39.00,23.20
2020-04-01 19:16:50,148.00,23.90
2020-04-01 19:16:59,40.00,23.20
2020-04-01 19:17:03,40.00,23.20
2020-04-01 19:17:13,39.00,23.30
2020-04-01 19:17:21,148.00,23.90
2020-04-01 19:17:23,39.00,23.20
2020-04-01 19:17:27,148.00,23.90
2020-04-01 19:17:39,148.00,23.90
2020-04-01 19:18:18,39.00,23.20
2020-04-01 19:18:28,39.00,23.20
2020-04-01 19:18:48,39.00,23.20
2020-04-01 19:18:50,39.00,23.20
2020-04-01 19:20:09,39.00,23.20
2020-04-01 19:20:13,39.00,23.20
2020-04-01 19:20:47,39.00,23.20
2020-04-01 19:21:08,39.00,23.20
2020-04-01 19:21:10,39.00,23.20
2020-04-01 19:22:39,39.00,23.20
2020-04-01 19:22:49,39.00,23.20
2020-04-01 19:23:13,39.00,23.20
2020-04-01 19:23:30,39.00,23.20
2020-04-01 19:24:04,39.00,23.20
2020-04-01 19:24:18,39.00,23.20
2020-04-01 19:24:24,39.00,23.20
2020-04-01 19:24:34,39.00,23.20
2020-04-01 19:24:59,39.00,23.20
2020-04-01 19:25:09,39.00,23.20
2020-04-01 19:25:11,39.00,23.20
2020-04-01 19:25:13,39.00,23.20
2020-04-01 19:25:15,39.00,23.20
2020-04-01 19:25:19,39.00,23.20
2020-04-01 19:25:29,39.00,23.20
2020-04-01 19:25:33,39.00,23.20
2020-04-01 19:25:39,39.00,23.20
2020-04-01 19:25:53,39.00,23.20
2020-04-01 19:25:59,39.00,23.20
2020-04-01 19:26:10,39.00,23.20
2020-04-01 19:26:14,39.00,23.20
2020-04-01 19:26:20,39.00,23.20
2020-04-01 19:27:29,39.00,23.20
2020-04-01 19:27:35,39.00,23.20
2020-04-01 19:27:39,39.00,23.20
2020-04-01 19:27:41,39.00,23.20
2020-04-01 19:27:43,39.00,23.20
2020-04-01 19:27:49,39.00,23.20
2020-04-01 19:27:59,39.00,23.20
2020-04-01 19:28:19,39.00,23.20
2020-04-01 19:28:29,39.00,23.20
2020-04-01 19:28:35,39.00,23.20
2020-04-01 19:28:50,39.00,23.20
2020-04-01 19:28:54,39.00,23.20
2020-04-01 19:29:00,39.00,23.20
2020-04-01 19:29:20,39.00,23.20
2020-04-01 19:29:24,39.00,23.20
2020-04-01 19:29:30,39.00,23.20
2020-04-01 19:29:40,39.00,23.20
2020-04-01 19:30:01,39.00,23.20
2020-04-01 19:30:15,39.00,23.20
2020-04-01 19:30:19,39.00,23.20
2020-04-01 19:30:21,39.00,23.20
2020-04-01 19:30:55,39.00,23.20
2020-04-01 19:30:57,39.00,23.20
2020-04-01 19:31:15,39.00,23.20
2020-04-01 19:31:20,39.00,23.20
2020-04-01 19:31:22,39.00,23.20
2020-04-01 19:31:26,39.00,23.20
2020-04-01 19:31:30,39.00,23.20
2020-04-01 19:31:40,39.00,23.20
2020-04-01 19:31:50,39.00,23.20
2020-04-01 19:31:54,39.00,23.20
2020-04-01 19:32:00,39.00,23.20
2020-04-01 19:32:04,39.00,23.20
2020-04-01 19:32:14,39.00,23.20
2020-04-01 19:32:30,39.00,23.20
2020-04-01 19:32:41,39.00,23.20
2020-04-01 19:32:45,39.00,23.20
2020-04-01 19:32:51,39.00,23.20
2020-04-01 19:32:55,39.00,23.20
2020-04-01 19:33:05,39.00,23.20
2020-04-01 19:33:15,39.00,23.20
2020-04-01 19:33:29,39.00,23.20
2020-04-01 19:33:35,39.00,23.20
2020-04-01 19:33:39,39.00,23.20
2020-04-01 19:33:49,39.00,23.20
2020-04-01 19:33:51,39.00,23.20
2020-04-01 19:34:00,39.00,23.20
2020-04-01 19:34:30,39.00,23.20
2020-04-01 19:34:32,39.00,23.20
2020-04-01 19:34:36,39.00,23.20
2020-04-01 19:34:40,39.00,23.20
2020-04-01 19:34:50,39.00,23.20
2020-04-01 19:35:00,39.00,23.20
2020-04-01 19:35:10,39.00,23.20
2020-04-01 19:35:25,39.00,23.20
2020-04-01 19:35:31,39.00,23.20
2020-04-01 19:35:35,39.00,23.20
2020-04-01 19:36:50,39.00,23.20
2020-04-01 19:37:20,39.00,23.20
2020-04-01 19:37:26,39.00,23.20
2020-04-01 19:37:30,39.00,23.20
2020-04-01 19:38:21,39.00,23.20
2020-04-01 19:38:41,39.00,23.20
2020-04-01 19:38:51,39.00,23.20
2020-04-01 19:40:20,39.00,23.20
2020-04-01 19:40:22,39.00,23.20
2020-04-01 19:40:45,39.00,23.20
2020-04-01 19:41:11,39.00,23.20
2020-04-01 19:42:30,39.00,23.20
2020-04-01 19:42:50,39.00,23.20
2020-04-01 19:43:06,39.00,23.20
2020-04-01 19:43:25,39.00,23.20
2020-04-01 19:43:41,39.00,23.20
2020-04-01 19:43:43,39.00,23.20
2020-04-01 19:43:47,39.00,23.20
2020-04-01 19:43:51,39.00,23.20
2020-04-01 19:43:57,39.00,23.20
2020-04-01 19:44:01,39.00,23.20
2020-04-01 19:44:11,39.00,23.20
2020-04-01 19:44:42,39.00,23.20
2020-04-01 19:45:12,39.00,23.20
2020-04-01 19:45:30,39.00,23.20
2020-04-01 19:45:32,39.00,23.20
2020-04-01 19:45:36,39.00,23.20
2020-04-01 19:45:47,39.00,23.20
2020-04-01 19:45:51,39.00,23.20
2020-04-01 19:45:57,39.00,23.20
2020-04-01 19:46:21,39.00,23.20
2020-04-01 19:46:31,39.00,23.20
2020-04-01 19:46:37,39.00,23.20
2020-04-01 19:46:41,39.00,23.20
2020-04-01 19:46:51,39.00,23.20
2020-04-01 19:47:22,39.00,23.20
2020-04-01 19:47:32,39.00,23.20
2020-04-01 19:47:42,39.00,23.20
2020-04-01 19:47:52,39.00,23.20
2020-04-01 19:48:06,39.00,23.20
2020-04-01 19:48:22,148.00,23.90
2020-04-01 19:48:29,148.00,23.90
2020-04-01 19:48:33,148.00,23.90
2020-04-01 19:48:41,148.00,23.90
2020-04-01 19:48:43,148.00,23.90
2020-04-01 19:48:47,148.00,23.90
2020-04-01 19:48:57,148.00,23.90
2020-04-01 19:49:31,39.00,23.20
2020-04-01 19:49:41,39.00,23.20
2020-04-01 19:50:02,39.00,23.20
2020-04-01 19:50:22,39.00,23.20
2020-04-01 19:50:26,39.00,23.20
2020-04-01 19:51:13,39.00,23.20
2020-04-01 19:51:17,39.00,23.20
2020-04-01 19:51:23,39.00,23.20
2020-04-01 19:51:41,39.00,23.20
2020-04-01 19:51:43,39.00,23.20
2020-04-01 19:52:22,39.00,23.20
2020-04-01 19:52:32,39.00,23.20
2020-04-01 19:52:42,39.00,23.20
2020-04-01 19:53:02,39.00,23.20
2020-04-01 19:53:12,39.00,23.20
2020-04-01 19:53:22,39.00,23.20
2020-04-01 19:53:32,39.00,23.20
2020-04-01 19:53:43,39.00,23.20
2020-04-01 19:53:53,39.00,23.20
2020-04-01 19:54:03,39.00,23.20
2020-04-01 19:54:13,39.00,23.20
2020-04-01 19:55:12,39.00,23.20
2020-04-01 19:55:42,39.00,23.20
2020-04-01 19:56:02,39.00,23.20
2020-04-01 19:56:23,39.00,23.20
2020-04-01 19:56:27,39.00,23.20
2020-04-01 19:56:43,39.00,23.20
2020-04-01 19:56:53,39.00,23.20
2020-04-01 19:56:57,39.00,23.20
2020-04-01 19:57:03,39.00,23.20
2020-04-01 19:57:23,39.00,23.20
2020-04-01 19:57:48,148.00,23.90
2020-04-01 19:57:50,40.00,23.20
2020-04-01 19:58:16,148.00,23.90
2020-04-01 19:58:20,148.00,23.90
2020-04-01 19:58:24,148.00,23.90
2020-04-01 19:58:26,148.00,23.90
2020-04-01 19:58:28,148.00,23.90
2020-04-01 19:58:30,148.00,23.90
2020-04-01 19:58:34,148.00,23.90
2020-04-01 19:58:38,148.00,23.90
2020-04-01 19:58:42,148.00,23.90
2020-04-01 19:58:46,148.00,23.90
2020-04-01 19:58:48,148.00,23.90
2020-04-01 19:58:50,148.00,23.90
2020-04-01 19:58:52,148.00,23.90
2020-04-01 19:58:57,148.00,23.90
2020-04-01 19:58:59,148.00,23.90
2020-04-01 19:59:01,148.00,23.90
2020-04-01 19:59:03,40.00,23.20
2020-04-01 19:59:07,148.00,23.90
2020-04-01 19:59:11,148.00,23.90
2020-04-01 19:59:13,40.00,23.20
2020-04-01 19:59:15,148.00,23.90
2020-04-01 19:59:17,148.00,23.90
2020-04-01 19:59:45,148.00,23.90
2020-04-01 19:59:49,148.00,23.90
2020-04-01 19:59:53,41.00,23.20
2020-04-01 20:00:13,41.00,23.20
2020-04-01 20:00:36,148.00,23.90
2020-04-01 20:00:38,40.00,23.20
2020-04-01 20:00:42,148.00,23.90
2020-04-01 20:00:46,148.00,23.90
2020-04-01 20:00:48,40.00,23.20
2020-04-01 20:01:02,41.00,23.20
2020-04-01 20:01:12,41.00,23.20
2020-04-01 20:01:18,41.00,23.20
2020-04-01 20:01:22,41.00,23.20
2020-04-01 20:02:03,41.00,23.20
2020-04-01 20:02:05,41.00,23.20
2020-04-01 20:02:09,41.00,23.20
2020-04-01 20:02:13,41.00,23.20
2020-04-01 20:02:23,41.00,23.20
2020-04-01 20:02:43,41.00,23.20
2020-04-01 20:02:51,41.00,23.20
2020-04-01 20:03:04,41.00,23.20
2020-04-01 20:03:24,41.00,23.20
2020-04-01 20:03:26,41.00,23.20
2020-04-01 20:03:28,41.00,23.20
2020-04-01 20:03:38,41.00,23.20
2020-04-01 20:03:44,41.00,23.20
2020-04-01 20:03:54,41.00,23.20
2020-04-01 20:04:04,41.00,23.20
2020-04-01 20:04:06,41.00,23.20
2020-04-01 20:04:08,41.00,23.20
2020-04-01 20:04:11,41.00,23.20
2020-04-01 20:04:15,41.00,23.20
2020-04-01 20:04:19,41.00,23.20
2020-04-01 20:04:21,41.00,23.20
2020-04-01 20:04:33,41.00,23.20
2020-04-01 20:04:49,41.00,23.20
2020-04-01 20:04:53,41.00,23.20
2020-04-01 20:04:59,41.00,23.20
2020-04-01 20:05:01,41.00,23.20
2020-04-01 20:05:03,41.00,23.20
2020-04-01 20:05:09,41.00,23.20
2020-04-01 20:05:13,41.00,23.20
2020-04-01 20:05:15,41.00,23.20
2020-04-01 20:05:30,41.00,23.20
2020-04-01 20:05:40,41.00,23.20
2020-04-01 20:05:44,41.00,23.20
2020-04-01 20:05:48,41.00,23.20
2020-04-01 20:05:50,41.00,23.20
2020-04-01 20:06:04,42.00,23.20
2020-04-01 20:06:06,149.00,23.90
2020-04-01 20:06:08,42.00,23.20
2020-04-01 20:06:10,42.00,23.20
2020-04-01 20:06:14,42.00,23.20
2020-04-01 20:06:16,42.00,23.20
2020-04-01 20:06:18,42.00,23.20
2020-04-01 20:06:20,149.00,23.90
2020-04-01 20:06:22,42.00,23.20
2020-04-01 20:06:24,42.00,23.20
2020-04-01 20:06:26,149.00,23.90
2020-04-01 20:06:28,42.00,23.20
2020-04-01 20:06:30,149.00,23.90
2020-04-01 20:06:34,42.00,23.20
2020-04-01 20:06:36,149.00,23.90
2020-04-01 20:06:40,149.00,23.90
2020-04-01 20:06:44,42.00,23.20
2020-04-01 20:06:49,42.00,23.20
2020-04-01 20:06:53,149.00,23.90
2020-04-01 20:06:57,149.00,23.90
2020-04-01 20:06:59,42.00,23.20
2020-04-01 20:07:03,149.00,23.90
2020-04-01 20:07:07,149.00,23.90
2020-04-01 20:07:09,42.00,23.20
2020-04-01 20:07:13,149.00,23.90
2020-04-01 20:07:17,149.00,23.90
2020-04-01 20:07:21,149.00,23.90
2020-04-01 20:07:23,42.00,23.20
2020-04-01 20:07:25,43.00,23.20
2020-04-01 20:07:27,149.00,23.90
2020-04-01 20:07:31,149.00,23.90
2020-04-01 20:07:35,42.00,23.20
2020-04-01 20:07:39,42.00,23.20
2020-04-01 20:07:41,42.00,23.20
2020-04-01 20:07:45,41.00,23.20
2020-04-01 20:07:49,41.00,23.20
2020-04-01 20:07:53,41.00,23.20
2020-04-01 20:07:55,41.00,23.20
2020-04-01 20:07:59,41.00,23.20
2020-04-01 20:08:01,41.00,23.20
2020-04-01 20:08:10,41.00,23.20
2020-04-01 20:08:14,41.00,23.20
2020-04-01 20:08:16,42.00,23.20
2020-04-01 20:08:20,42.00,23.20
2020-04-01 20:08:24,42.00,23.20
2020-04-01 20:08:28,149.00,23.90
2020-04-01 20:08:32,149.00,23.90
2020-04-01 20:08:36,149.00,23.90
2020-04-01 20:08:38,149.00,23.90
2020-04-01 20:08:40,42.00,23.20
2020-04-01 20:08:42,149.00,23.90
2020-04-01 20:08:46,149.00,23.90
2020-04-01 20:08:48,149.00,23.90
2020-04-01 20:08:52,149.00,23.90
2020-04-01 20:08:54,41.00,23.20
2020-04-01 20:08:56,149.00,23.90
2020-04-01 20:09:02,149.00,23.90
2020-04-01 20:09:06,149.00,23.90
2020-04-01 20:09:10,149.00,23.90
2020-04-01 20:09:12,43.00,23.20
2020-04-01 20:09:14,43.00,23.20
2020-04-01 20:09:25,43.00,23.20
2020-04-01 20:09:27,42.00,23.20
2020-04-01 20:09:31,149.00,23.90
2020-04-01 20:09:35,42.00,23.20
2020-04-01 20:09:37,149.00,23.90
2020-04-01 20:09:41,149.00,23.90
2020-04-01 20:09:45,42.00,23.20
2020-04-01 20:09:47,149.00,23.90
2020-04-01 20:09:51,149.00,23.90
2020-04-01 20:09:55,42.00,23.20
2020-04-01 20:09:57,42.00,23.20
2020-04-01 20:09:59,42.00,23.20
2020-04-01 20:10:01,149.00,23.90
2020-04-01 20:10:05,42.00,23.20
2020-04-01 20:10:19,41.00,23.20
2020-04-01 20:10:31,149.00,23.90
2020-04-01 20:10:39,149.00,23.90
2020-04-01 20:10:44,149.00,23.90
2020-04-01 20:10:46,42.00,23.20
2020-04-01 20:10:50,42.00,23.20
2020-04-01 20:10:54,149.00,23.90
2020-04-01 20:11:04,41.00,23.20
2020-04-01 20:11:22,149.00,23.90
2020-04-01 20:11:26,149.00,23.90
2020-04-01 20:11:30,42.00,23.20
2020-04-01 20:11:32,149.00,23.90
2020-04-01 20:11:34,41.00,23.20
2020-04-01 20:11:36,149.00,23.90
2020-04-01 20:11:40,149.00,23.90
2020-04-01 20:11:42,149.00,23.90
2020-04-01 20:11:46,149.00,23.90
2020-04-01 20:11:48,149.00,23.90
2020-04-01 20:11:52,149.00,23.90
2020-04-01 20:11:56,149.00,23.90
2020-04-01 20:11:58,149.00,23.90
2020-04-01 20:12:03,149.00,23.90
2020-04-01 20:12:05,149.00,23.90
2020-04-01 20:12:07,149.00,23.90
2020-04-01 20:12:09,149.00,23.90
2020-04-01 20:12:11,149.00,23.90
2020-04-01 20:12:13,149.00,23.90
2020-04-01 20:12:15,42.00,23.20
2020-04-01 20:12:17,149.00,23.90
2020-04-01 20:12:19,42.00,23.20
2020-04-01 20:12:23,149.00,23.90
2020-04-01 20:12:25,42.00,23.20
2020-04-01 20:12:27,149.00,23.90
2020-04-01 20:12:29,42.00,23.20
2020-04-01 20:12:33,149.00,23.90
2020-04-01 20:12:37,149.00,23.90
2020-04-01 20:12:39,42.00,23.20
2020-04-01 20:12:45,149.00,23.90
2020-04-01 20:12:47,149.00,23.90
2020-04-01 20:12:49,149.00,23.90
2020-04-01 20:12:59,43.00,23.20
2020-04-01 20:13:09,44.00,23.20
2020-04-01 20:13:26,43.00,23.20
2020-04-01 20:13:36,43.00,23.20
2020-04-01 20:13:40,43.00,23.20
2020-04-01 20:13:54,43.00,23.20
2020-04-01 20:14:24,43.00,23.20
2020-04-01 20:14:26,43.00,23.20
2020-04-01 20:14:32,150.00,23.90
2020-04-01 20:14:34,44.00,23.20
2020-04-01 20:14:36,150.00,23.90
2020-04-01 20:14:41,44.00,23.20
2020-04-01 20:14:43,150.00,23.90
2020-04-01 20:14:45,44.00,23.20
2020-04-01 20:14:47,150.00,23.90
2020-04-01 20:14:51,150.00,23.90
2020-04-01 20:14:55,44.00,23.20
2020-04-01 20:14:57,150.00,23.90
2020-04-01 20:15:01,150.00,23.90
2020-04-01 20:15:03,150.00,23.90
2020-04-01 20:15:07,150.00,23.90
2020-04-01 20:15:09,45.00,23.20
2020-04-01 20:15:11,45.00,23.20
2020-04-01 20:15:15,45.00,23.20
2020-04-01 20:15:19,45.00,23.20
2020-04-01 20:15:35,45.00,23.20
2020-04-01 20:15:47,150.00,23.90
2020-04-01 20:15:51,150.00,23.90
2020-04-01 20:15:53,150.00,23.90
2020-04-01 20:16:02,151.00,23.90
2020-04-01 20:16:04,151.00,23.90
2020-04-01 20:16:06,46.00,23.20
2020-04-01 20:16:08,151.00,23.90
2020-04-01 20:16:12,151.00,23.90
2020-04-01 20:16:16,46.00,23.20
2020-04-01 20:16:18,151.00,23.90
2020-04-01 20:16:26,45.00,23.20
2020-04-01 20:16:30,46.00,23.20
2020-04-01 20:16:32,151.00,23.90
2020-04-01 20:16:36,151.00,23.90
2020-04-01 20:16:40,151.00,23.90
2020-04-01 20:16:42,151.00,23.90
2020-04-01 20:16:44,151.00,23.90
2020-04-01 20:16:46,151.00,23.90
2020-04-01 20:16:48,151.00,23.90
2020-04-01 20:16:50,46.00,23.20
2020-04-01 20:16:52,151.00,23.90
2020-04-01 20:17:00,46.00,23.20
2020-04-01 20:17:08,151.00,23.90
2020-04-01 20:17:12,151.00,23.90
2020-04-01 20:17:17,151.00,23.90
2020-04-01 20:17:21,46.00,23.20
2020-04-01 20:17:25,151.00,23.90
2020-04-01 20:17:27,151.00,23.90
2020-04-01 20:17:29,151.00,23.90
2020-04-01 20:17:33,151.00,23.90
2020-04-01 20:17:37,151.00,23.90
2020-04-01 20:17:45,47.00,23.20
2020-04-01 20:17:47,47.00,23.20
2020-04-01 20:18:05,47.00,23.20
2020-04-01 20:18:11,47.00,23.20
2020-04-01 20:18:40,47.00,23.20
2020-04-01 20:18:46,47.00,23.20
2020-04-01 20:18:56,47.00,23.20
2020-04-01 20:19:00,47.00,23.20
2020-04-01 20:19:16,47.00,23.20
2020-04-01 20:19:20,47.00,23.20
2020-04-01 20:19:26,47.00,23.20
2020-04-01 20:19:30,47.00,23.20
2020-04-01 20:19:32,47.00,23.20
2020-04-01 20:19:36,47.00,23.20
2020-04-01 20:19:44,151.00,23.90
2020-04-01 20:19:46,47.00,23.20
2020-04-01 20:19:51,46.00,23.20
2020-04-01 20:19:53,46.00,23.20
2020-04-01 20:20:01,47.00,23.20
2020-04-01 20:20:05,46.00,23.20
2020-04-01 20:20:13,151.00,23.90
2020-04-01 20:20:15,151.00,23.90
2020-04-01 20:20:19,151.00,23.90
2020-04-01 20:20:21,151.00,23.90
2020-04-01 20:20:23,151.00,23.90
2020-04-01 20:20:25,46.00,23.20
2020-04-01 20:20:31,46.00,23.30
2020-04-01 20:20:33,151.00,23.90
2020-04-01 20:20:35,46.00,23.20
2020-04-01 20:20:37,151.00,23.90
2020-04-01 20:20:41,46.00,23.20
2020-04-01 20:20:45,46.00,23.20
2020-04-01 20:20:49,151.00,23.90
2020-04-01 20:20:53,151.00,23.90
2020-04-01 20:20:57,151.00,23.90
2020-04-01 20:21:03,151.00,23.90
2020-04-01 20:21:07,151.00,23.90
2020-04-01 20:21:10,46.00,23.20
2020-04-01 20:21:12,46.00,23.20
2020-04-01 20:21:16,46.00,23.20
2020-04-01 20:21:20,46.00,23.20
2020-04-01 20:21:22,151.00,23.90
2020-04-01 20:21:26,46.00,23.20
2020-04-01 20:21:30,47.00,23.20
2020-04-01 20:21:36,47.00,23.30
2020-04-01 20:21:40,47.00,23.20
2020-04-01 20:21:46,47.00,23.20
2020-04-01 20:21:50,47.00,23.20
2020-04-01 20:21:56,47.00,23.30
2020-04-01 20:22:00,47.00,23.30
2020-04-01 20:22:06,46.00,23.30
2020-04-01 20:22:10,46.00,23.30
2020-04-01 20:22:16,46.00,23.30
2020-04-01 20:22:20,46.00,23.30
2020-04-01 20:22:27,46.00,23.30
2020-04-01 20:22:31,46.00,23.30
2020-04-01 20:22:37,46.00,23.30
2020-04-01 20:22:41,46.00,23.30
2020-04-01 20:22:45,46.00,23.30
2020-04-01 20:23:11,47.00,23.30
2020-04-01 20:23:25,47.00,23.30
2020-04-01 20:23:31,46.00,23.30
2020-04-01 20:23:35,46.00,23.30
2020-04-01 20:23:41,47.00,23.30
2020-04-01 20:23:46,47.00,23.30
2020-04-01 20:23:56,47.00,23.30
2020-04-01 20:24:02,48.00,23.30
2020-04-01 20:24:06,48.00,23.30
2020-04-01 20:24:16,47.00,23.30
2020-04-01 20:24:20,48.00,23.30
2020-04-01 20:24:36,48.00,23.30
2020-04-01 20:24:46,48.00,23.30
2020-04-01 20:24:50,48.00,23.30
2020-04-01 20:25:07,48.00,23.30
2020-04-01 20:25:17,48.00,23.30
2020-04-01 20:25:21,48.00,23.30
2020-04-01 20:25:37,48.00,23.30
2020-04-01 20:25:57,48.00,23.30
2020-04-01 20:26:01,48.00,23.30
2020-04-01 20:26:05,48.00,23.30
2020-04-01 20:26:22,48.00,23.30
2020-04-01 20:26:26,48.00,23.30
2020-04-01 20:26:42,152.00,23.90
2020-04-01 20:26:56,49.00,23.30
2020-04-01 20:27:02,49.00,23.30
2020-04-01 20:27:26,48.00,23.30
2020-04-01 20:27:36,48.00,23.30
2020-04-01 20:27:47,48.00,23.30
2020-04-01 20:27:51,48.00,23.30
2020-04-01 20:27:57,48.00,23.30
2020-04-01 20:28:07,48.00,23.30
2020-04-01 20:28:11,48.00,23.30
2020-04-01 20:28:17,48.00,23.30
2020-04-01 20:28:37,48.00,23.30
2020-04-01 20:28:47,48.00,23.30
2020-04-01 20:29:06,48.00,23.30
2020-04-01 20:29:22,48.00,23.30
2020-04-01 20:29:42,48.00,23.30
2020-04-01 20:29:46,48.00,23.30
2020-04-01 20:29:56,48.00,23.30
2020-04-01 20:30:06,48.00,23.30
2020-04-01 20:30:17,48.00,23.30
2020-04-01 20:30:27,48.00,23.30
2020-04-01 20:30:47,48.00,23.30
2020-04-01 20:31:07,48.00,23.30
2020-04-01 20:31:25,48.00,23.30
2020-04-01 20:31:38,48.00,23.30
2020-04-01 20:31:48,48.00,23.30
2020-04-01 20:31:50,48.00,23.30
2020-04-01 20:31:56,48.00,23.30
2020-04-01 20:32:36,48.00,23.30
2020-04-01 20:32:46,48.00,23.30
2020-04-01 20:32:57,48.00,23.30
2020-04-01 20:33:07,48.00,23.30
2020-04-01 20:33:11,48.00,23.30
2020-04-01 20:33:13,48.00,23.30
2020-04-01 20:33:17,48.00,23.30
2020-04-01 20:33:19,48.00,23.30
2020-04-01 20:33:25,48.00,23.30
2020-04-01 20:33:27,48.00,23.30
2020-04-01 20:33:37,48.00,23.30
2020-04-01 20:33:47,48.00,23.30
2020-04-01 20:33:57,48.00,23.30
2020-04-01 20:34:07,47.00,23.30
2020-04-01 20:34:12,47.00,23.30
2020-04-01 20:34:18,47.00,23.30
2020-04-01 20:34:28,47.00,23.30
2020-04-01 20:34:32,47.00,23.30
2020-04-01 20:34:54,151.00,23.90
2020-04-01 20:34:56,47.00,23.30
2020-04-01 20:35:12,47.00,23.30
2020-04-01 20:35:16,47.00,23.30
2020-04-01 20:35:37,47.00,23.30
2020-04-01 20:35:57,47.00,23.30
2020-04-01 20:36:23,47.00,23.30
2020-04-01 20:36:27,47.00,23.30
2020-04-01 20:36:29,47.00,23.30
2020-04-01 20:36:37,47.00,23.30
2020-04-01 20:36:41,47.00,23.30
2020-04-01 20:36:47,47.00,23.30
2020-04-01 20:37:08,47.00,23.30
2020-04-01 20:37:12,47.00,23.20
2020-04-01 20:37:18,47.00,23.30
2020-04-01 20:37:38,47.00,23.20
2020-04-01 20:37:42,47.00,23.30
2020-04-01 20:37:48,47.00,23.20
2020-04-01 20:38:29,151.00,23.90
2020-04-01 20:39:07,47.00,23.20
2020-04-01 20:39:09,47.00,23.20
2020-04-01 20:39:28,47.00,23.20
2020-04-01 20:39:32,47.00,23.20
2020-04-01 20:39:38,47.00,23.20
2020-04-01 20:39:42,47.00,23.20
2020-04-01 20:39:48,47.00,23.20
2020-04-01 20:39:52,47.00,23.20
2020-04-01 20:40:06,151.00,23.90
2020-04-01 20:40:10,151.00,23.90
2020-04-01 20:40:16,151.00,23.90
2020-04-01 20:40:18,47.00,23.20
2020-04-01 20:40:22,46.00,23.20
2020-04-01 20:40:24,151.00,23.90
2020-04-01 20:40:28,46.00,23.20
2020-04-01 20:40:30,47.00,23.20
2020-04-01 20:40:34,151.00,23.90
2020-04-01 20:40:38,46.00,23.20
2020-04-01 20:40:40,151.00,23.90
2020-04-01 20:40:49,46.00,23.20
2020-04-01 20:40:59,46.00,23.20
2020-04-01 20:41:01,151.00,23.90
2020-04-01 20:41:05,151.00,23.90
2020-04-01 20:41:09,151.00,23.90
2020-04-01 20:41:13,46.00,23.20
2020-04-01 20:41:15,151.00,23.90
2020-04-01 20:41:19,151.00,23.90
2020-04-01 20:41:23,46.00,23.20
2020-04-01 20:41:27,46.00,23.20
2020-04-01 20:41:31,151.00,23.90
2020-04-01 20:41:33,46.00,23.20
2020-04-01 20:41:37,46.00,23.20
2020-04-01 20:41:41,151.00,23.90
2020-04-01 20:41:45,151.00,23.90
2020-04-01 20:41:47,151.00,23.90
2020-04-01 20:41:51,151.00,23.90
2020-04-01 20:41:53,151.00,23.90
2020-04-01 20:41:55,151.00,23.90
2020-04-01 20:41:57,46.00,23.20
2020-04-01 20:42:01,151.00,23.90
2020-04-01 20:42:06,151.00,23.90
2020-04-01 20:42:10,151.00,23.90
2020-04-01 20:42:12,151.00,23.90
2020-04-01 20:42:14,46.00,23.20
2020-04-01 20:42:16,151.00,23.90
2020-04-01 20:42:20,151.00,23.90
2020-04-01 20:42:24,151.00,23.90
2020-04-01 20:42:28,151.00,23.90
2020-04-01 20:42:30,151.00,23.90
2020-04-01 20:42:32,151.00,23.90
2020-04-01 20:42:34,151.00,23.90
2020-04-01 20:42:36,151.00,23.90
2020-04-01 20:42:38,151.00,23.90
2020-04-01 20:42:40,151.00,23.90
2020-04-01 20:42:44,151.00,23.90
2020-04-01 20:42:46,151.00,23.90
2020-04-01 20:42:50,151.00,23.90
2020-04-01 20:42:52,151.00,23.90
2020-04-01 20:42:54,46.00,23.20
2020-04-01 20:42:56,151.00,23.90
2020-04-01 20:43:00,151.00,23.90
2020-04-01 20:43:02,46.00,23.20
2020-04-01 20:43:04,151.00,23.90
2020-04-01 20:43:06,151.00,23.90
2020-04-01 20:43:10,151.00,23.90
2020-04-01 20:43:12,151.00,23.90
2020-04-01 20:43:14,151.00,23.90
2020-04-01 20:43:16,151.00,23.90
2020-04-01 20:43:18,151.00,23.90
2020-04-01 20:43:21,151.00,23.90
2020-04-01 20:43:23,151.00,23.90
2020-04-01 20:43:25,151.00,23.90
2020-04-01 20:43:27,151.00,23.90
2020-04-01 20:43:31,151.00,23.90
2020-04-01 20:43:35,151.00,23.90
2020-04-01 20:43:39,46.00,23.20
2020-04-01 20:43:41,46.00,23.20
2020-04-01 20:43:45,151.00,23.90
2020-04-01 20:43:49,46.00,23.20
2020-04-01 20:43:51,151.00,23.90
2020-04-01 20:43:55,151.00,23.90
2020-04-01 20:43:59,46.00,23.20
2020-04-01 20:44:01,151.00,23.90
2020-04-01 20:44:03,151.00,23.90
2020-04-01 20:44:05,151.00,23.90
2020-04-01 20:44:07,151.00,23.90
2020-04-01 20:44:11,151.00,23.90
2020-04-01 20:44:15,151.00,23.90
2020-04-01 20:44:19,151.00,23.90
2020-04-01 20:44:23,151.00,23.90
2020-04-01 20:44:27,151.00,23.90
2020-04-01 20:44:31,151.00,23.90
2020-04-01 20:44:35,151.00,23.90
2020-04-01 20:44:40,151.00,23.90
2020-04-01 20:44:44,46.00,23.20
2020-04-01 20:44:48,46.00,23.20
2020-04-01 20:44:50,151.00,23.90
2020-04-01 20:44:54,151.00,23.90
2020-04-01 20:44:58,46.00,23.20
2020-04-01 20:45:00,151.00,23.90
2020-04-01 20:45:04,151.00,23.90
2020-04-01 20:45:06,151.00,23.90
2020-04-01 20:45:08,46.00,23.20
2020-04-01 20:45:10,46.00,23.20
2020-04-01 20:45:14,46.00,23.20
2020-04-01 20:45:16,151.00,23.90
2020-04-01 20:45:20,151.00,23.90
2020-04-01 20:45:22,151.00,23.90
2020-04-01 20:45:24,151.00,23.90
2020-04-01 20:45:26,151.00,23.90
2020-04-01 20:45:30,151.00,23.90
2020-04-01 20:45:34,151.00,23.90
2020-04-01 20:45:36,151.00,23.90
2020-04-01 20:45:38,46.00,23.20
2020-04-01 20:45:40,151.00,23.90
2020-04-01 20:45:44,151.00,23.90
2020-04-01 20:45:48,46.00,23.20
2020-04-01 20:45:52,46.00,23.20
2020-04-01 20:45:54,151.00,23.90
2020-04-01 20:45:56,151.00,23.90
2020-04-01 20:45:59,46.00,23.20
2020-04-01 20:46:03,151.00,23.90
2020-04-01 20:46:05,46.00,23.20
2020-04-01 20:46:09,46.00,23.20
2020-04-01 20:46:13,46.00,23.20
2020-04-01 20:46:17,151.00,23.90
2020-04-01 20:46:19,46.00,23.20
2020-04-01 20:46:23,151.00,23.90
2020-04-01 20:46:27,151.00,23.90
2020-04-01 20:46:31,151.00,23.90
2020-04-01 20:46:35,151.00,23.90
2020-04-01 20:46:39,46.00,23.20
2020-04-01 20:46:43,151.00,23.90
2020-04-01 20:46:45,151.00,23.90
2020-04-01 20:46:47,151.00,23.90
2020-04-01 20:46:49,46.00,23.20
2020-04-01 20:46:53,151.00,23.90
2020-04-01 20:46:57,151.00,23.90
2020-04-01 20:47:01,151.00,23.90
2020-04-01 20:47:05,151.00,23.90
2020-04-01 20:47:07,151.00,23.90
2020-04-01 20:47:09,46.00,23.20
2020-04-01 20:47:11,151.00,23.90
2020-04-01 20:47:15,151.00,23.90
2020-04-01 20:47:18,151.00,23.90
2020-04-01 20:47:20,46.00,23.20
2020-04-01 20:47:22,151.00,23.90
2020-04-01 20:47:26,151.00,23.90
2020-04-01 20:47:28,46.00,23.20
2020-04-01 20:47:30,46.00,23.20
2020-04-01 20:47:32,151.00,23.90
2020-04-01 20:47:36,151.00,23.90
2020-04-01 20:47:38,151.00,23.90
2020-04-01 20:47:40,151.00,23.90
2020-04-01 20:47:42,151.00,23.90
2020-04-01 20:47:46,151.00,23.90
2020-04-01 20:47:48,46.00,23.20
2020-04-01 20:47:50,151.00,23.90
2020-04-01 20:47:52,151.00,23.90
2020-04-01 20:47:56,151.00,23.90
2020-04-01 20:48:00,151.00,23.90
2020-04-01 20:48:04,46.00,23.20
2020-04-01 20:48:06,151.00,23.90
2020-04-01 20:48:08,46.00,23.20
2020-04-01 20:48:10,46.00,23.20
2020-04-01 20:48:14,46.00,23.20
2020-04-01 20:48:18,46.00,23.20
2020-04-01 20:48:22,151.00,23.90
2020-04-01 20:48:24,46.00,23.20
2020-04-01 20:48:28,46.00,23.20
2020-04-01 20:48:30,46.00,23.20
2020-04-01 20:48:32,151.00,23.90
2020-04-01 20:48:35,151.00,23.90
2020-04-01 20:48:39,46.00,23.20
2020-04-01 20:48:43,151.00,23.90
2020-04-01 20:48:45,46.00,23.20
2020-04-01 20:48:47,151.00,23.90
2020-04-01 20:48:49,46.00,23.20
2020-04-01 20:48:53,151.00,23.90
2020-04-01 20:48:57,151.00,23.90
2020-04-01 20:49:01,151.00,23.90
2020-04-01 20:49:05,151.00,23.90
2020-04-01 20:49:09,46.00,23.20
2020-04-01 20:49:13,151.00,23.90
2020-04-01 20:49:15,151.00,23.90
2020-04-01 20:49:19,46.00,23.20
2020-04-01 20:49:23,46.00,23.20
2020-04-01 20:49:27,151.00,23.90
2020-04-01 20:49:29,46.00,23.20
2020-04-01 20:49:31,151.00,23.90
2020-04-01 20:49:33,46.00,23.20
2020-04-01 20:49:37,151.00,23.90
2020-04-01 20:49:41,151.00,23.90
2020-04-01 20:49:43,46.00,23.20
2020-04-01 20:49:47,151.00,23.90
2020-04-01 20:49:51,151.00,23.90
2020-04-01 20:49:56,151.00,23.90
2020-04-01 20:50:00,46.00,23.20
2020-04-01 20:50:04,46.00,23.20
2020-04-01 20:50:06,151.00,23.90
2020-04-01 20:50:08,151.00,23.90
2020-04-01 20:50:10,46.00,23.20
2020-04-01 20:50:14,46.00,23.20
2020-04-01 20:50:18,151.00,23.90
2020-04-01 20:50:22,151.00,23.90
2020-04-01 20:50:26,151.00,23.90
2020-04-01 20:50:28,151.00,23.90
2020-04-01 20:50:32,151.00,23.90
2020-04-01 20:50:36,151.00,23.90
2020-04-01 20:50:40,151.00,23.90
2020-04-01 20:50:44,151.00,23.90
2020-04-01 20:50:48,151.00,23.90
2020-04-01 20:50:52,151.00,23.90
2020-04-01 20:50:56,151.00,23.90
2020-04-01 20:50:58,46.00,23.20
2020-04-01 20:51:00,151.00,23.90
2020-04-01 20:51:02,151.00,23.90
2020-04-01 20:51:06,151.00,23.90
2020-04-01 20:51:08,151.00,23.90
2020-04-01 20:51:10,46.00,23.20
2020-04-01 20:51:12,151.00,23.90
2020-04-01 20:51:17,151.00,23.90
2020-04-01 20:51:19,46.00,23.20
2020-04-01 20:51:21,151.00,23.90
2020-04-01 20:51:23,151.00,23.90
2020-04-01 20:51:27,151.00,23.90
2020-04-01 20:51:31,151.00,23.90
2020-04-01 20:51:33,151.00,23.90
2020-04-01 20:51:37,151.00,23.90
2020-04-01 20:51:41,151.00,23.90
2020-04-01 20:51:43,151.00,23.90
2020-04-01 20:51:47,151.00,23.90
2020-04-01 20:51:49,151.00,23.90
2020-04-01 20:51:51,151.00,23.90
2020-04-01 20:51:53,151.00,23.90
2020-04-01 20:51:55,151.00,23.90
2020-04-01 20:51:57,151.00,23.90
2020-04-01 20:52:01,151.00,23.90
2020-04-01 20:52:03,151.00,23.90
2020-04-01 20:52:07,151.00,23.90
2020-04-01 20:52:09,151.00,23.90
2020-04-01 20:52:13,151.00,23.90
2020-04-01 20:52:17,151.00,23.90
2020-04-01 20:52:21,151.00,23.90
2020-04-01 20:52:25,151.00,23.90
2020-04-01 20:52:29,46.00,23.20
2020-04-01 20:52:32,151.00,23.90
2020-04-01 20:52:34,46.00,23.20
2020-04-01 20:52:36,151.00,23.90
2020-04-01 20:52:38,151.00,23.90
2020-04-01 20:52:40,46.00,23.20
2020-04-01 20:52:42,151.00,23.90
2020-04-01 20:52:44,46.00,23.20
2020-04-01 20:52:46,151.00,23.90
2020-04-01 20:52:48,151.00,23.90
2020-04-01 20:52:52,151.00,23.90
2020-04-01 20:52:56,151.00,23.90
2020-04-01 20:53:48,45.00,23.20
2020-04-01 20:54:11,45.00,23.20
2020-04-01 20:54:19,45.00,23.20
2020-04-01 20:54:21,45.00,23.20
2020-04-01 20:54:29,45.00,23.20
2020-04-01 20:54:49,45.00,23.20
2020-04-01 20:54:55,45.00,23.20
2020-04-01 20:55:10,45.00,23.20
2020-04-01 20:55:16,45.00,23.20
2020-04-01 20:55:24,45.00,23.20
2020-04-01 20:55:30,45.00,23.20
2020-04-01 20:55:34,45.00,23.20
2020-04-01 20:55:44,45.00,23.20
2020-04-01 20:56:10,45.00,23.20
2020-04-01 20:56:20,45.00,23.20
2020-04-01 20:56:31,45.00,23.20
2020-04-01 20:56:35,45.00,23.20
2020-04-01 20:56:59,45.00,23.20
2020-04-01 20:57:01,45.00,23.20
2020-04-01 20:57:05,45.00,23.20
2020-04-01 20:57:19,45.00,23.20
2020-04-01 20:57:50,45.00,23.20
2020-04-01 20:57:52,45.00,23.20
2020-04-01 20:58:10,45.00,23.20
2020-04-01 20:58:40,45.00,23.20
2020-04-01 20:59:11,45.00,23.20
2020-04-01 20:59:31,45.00,23.20
2020-04-01 20:59:59,45.00,23.20
2020-04-01 21:00:28,150.00,23.90
2020-04-01 21:00:30,44.00,23.20
2020-04-01 21:00:32,150.00,23.90
2020-04-01 21:00:36,44.00,23.20
2020-04-01 21:00:38,150.00,23.90
2020-04-01 21:00:48,150.00,23.90
2020-04-01 21:00:52,150.00,23.90
2020-04-01 21:00:54,150.00,23.90
2020-04-01 21:00:56,44.00,23.20
2020-04-01 21:00:58,150.00,23.90
2020-04-01 21:01:02,150.00,23.90
2020-04-01 21:01:06,44.00,23.20
2020-04-01 21:01:08,150.00,23.90
2020-04-01 21:01:12,150.00,23.90
2020-04-01 21:01:16,44.00,23.20
2020-04-01 21:01:18,150.00,23.90
2020-04-01 21:01:22,150.00,23.90
2020-04-01 21:01:26,150.00,23.90
2020-04-01 21:01:30,44.00,23.20
2020-04-01 21:01:32,150.00,23.90
2020-04-01 21:01:36,150.00,23.90
2020-04-01 21:01:41,44.00,23.20
2020-04-01 21:01:45,44.00,23.20
2020-04-01 21:01:49,150.00,23.90
2020-04-01 21:01:51,44.00,23.20
2020-04-01 21:01:53,150.00,23.90
2020-04-01 21:01:55,44.00,23.20
2020-04-01 21:01:59,150.00,23.90
2020-04-01 21:02:01,44.00,23.20
2020-04-01 21:02:05,44.00,23.20
2020-04-01 21:02:07,150.00,23.90
2020-04-01 21:02:09,150.00,23.90
2020-04-01 21:02:11,44.00,23.20
2020-04-01 21:02:15,44.00,23.20
2020-04-01 21:02:17,150.00,23.90
2020-04-01 21:02:19,150.00,23.90
2020-04-01 21:02:21,44.00,23.20
2020-04-01 21:02:25,44.00,23.20
2020-04-01 21:02:29,150.00,23.90
2020-04-01 21:02:33,150.00,23.90
2020-04-01 21:02:35,44.00,23.20
2020-04-01 21:02:39,150.00,23.90
2020-04-01 21:02:43,150.00,23.90
2020-04-01 21:02:45,44.00,23.20
2020-04-01 21:02:49,150.00,23.90
2020-04-01 21:02:53,150.00,23.90
2020-04-01 21:02:55,44.00,23.20
2020-04-01 21:03:00,44.00,23.20
2020-04-01 21:03:04,150.00,23.90
2020-04-01 21:03:06,44.00,23.20
2020-04-01 21:03:08,150.00,23.90
2020-04-01 21:03:10,150.00,23.90
2020-04-01 21:03:12,150.00,23.90
2020-04-01 21:03:14,150.00,23.90
2020-04-01 21:03:16,44.00,23.20
2020-04-01 21:03:18,150.00,23.90
2020-04-01 21:03:20,44.00,23.20
2020-04-01 21:03:24,44.00,23.20
2020-04-01 21:03:28,150.00,23.90
2020-04-01 21:03:30,44.00,23.20
2020-04-01 21:03:32,150.00,23.90
2020-04-01 21:03:34,150.00,23.90
2020-04-01 21:03:38,150.00,23.90
2020-04-01 21:03:40,44.00,23.20
2020-04-01 21:03:42,150.00,23.90
2020-04-01 21:03:44,150.00,23.90
2020-04-01 21:03:46,44.00,23.20
2020-04-01 21:03:48,150.00,23.90
2020-04-01 21:03:52,150.00,23.90
2020-04-01 21:03:54,150.00,23.90
2020-04-01 21:03:58,150.00,23.90
2020-04-01 21:04:02,150.00,23.90
2020-04-01 21:04:04,150.00,23.90
2020-04-01 21:04:06,44.00,23.20
2020-04-01 21:04:08,150.00,23.90
2020-04-01 21:04:12,150.00,23.90
2020-04-01 21:04:14,150.00,23.90
2020-04-01 21:04:17,44.00,23.20
2020-04-01 21:04:19,150.00,23.90
2020-04-01 21:04:23,150.00,23.90
2020-04-01 21:04:25,44.00,23.20
2020-04-01 21:04:27,44.00,23.20
2020-04-01 21:04:29,44.00,23.20
2020-04-01 21:04:31,44.00,23.20
2020-04-01 21:04:35,44.00,23.20
2020-04-01 21:04:37,150.00,23.90
2020-04-01 21:04:41,44.00,23.20
2020-04-01 21:04:45,44.00,23.20
2020-04-01 21:04:47,150.00,23.90
2020-04-01 21:04:49,150.00,23.90
2020-04-01 21:04:53,150.00,23.90
2020-04-01 21:04:55,44.00,23.20
2020-04-01 21:04:57,150.00,23.90
2020-04-01 21:04:59,44.00,23.20
2020-04-01 21:05:03,150.00,23.90
2020-04-01 21:05:05,44.00,23.20
2020-04-01 21:05:07,150.00,23.90
2020-04-01 21:05:09,44.00,23.20
2020-04-01 21:05:11,44.00,23.20
2020-04-01 21:05:13,150.00,23.90
2020-04-01 21:05:15,44.00,23.20
2020-04-01 21:05:19,150.00,23.90
2020-04-01 21:05:21,44.00,23.20
2020-04-01 21:05:25,44.00,23.20
2020-04-01 21:05:29,150.00,23.90
2020-04-01 21:05:34,150.00,23.90
2020-04-01 21:05:38,150.00,23.90
2020-04-01 21:05:40,150.00,23.90
2020-04-01 21:05:44,150.00,23.90
2020-04-01 21:05:48,150.00,23.90
2020-04-01 21:05:50,150.00,23.90
2020-04-01 21:05:54,150.00,23.90
2020-04-01 21:05:58,150.00,23.90
2020-04-01 21:06:00,44.00,23.20
2020-04-01 21:06:02,150.00,23.90
2020-04-01 21:06:04,150.00,23.90
2020-04-01 21:06:08,150.00,23.90
2020-04-01 21:06:10,150.00,23.90
2020-04-01 21:06:12,150.00,23.90
2020-04-01 21:06:14,150.00,23.90
2020-04-01 21:06:16,44.00,23.20
2020-04-01 21:06:18,150.00,23.90
2020-04-01 21:06:20,44.00,23.20
2020-04-01 21:06:22,150.00,23.90
2020-04-01 21:06:24,150.00,23.90
2020-04-01 21:06:28,150.00,23.90
2020-04-01 21:06:30,44.00,23.20
2020-04-01 21:06:34,150.00,23.90
2020-04-01 21:06:38,150.00,23.90
2020-04-01 21:06:40,44.00,23.20
2020-04-01 21:06:42,150.00,23.90
2020-04-01 21:06:44,150.00,23.90
2020-04-01 21:06:48,150.00,23.90
2020-04-01 21:06:53,150.00,23.90
2020-04-01 21:06:57,44.00,23.20
2020-04-01 21:06:59,150.00,23.90
2020-04-01 21:07:05,44.00,23.20
2020-04-01 21:07:07,44.00,23.20
2020-04-01 21:07:09,150.00,23.90
2020-04-01 21:07:13,150.00,23.90
2020-04-01 21:07:15,150.00,23.90
2020-04-01 21:07:17,44.00,23.20
2020-04-01 21:07:19,150.00,23.90
2020-04-01 21:07:21,44.00,23.10
2020-04-01 21:07:23,150.00,23.90
2020-04-01 21:07:25,44.00,23.20
2020-04-01 21:07:29,150.00,23.90
2020-04-01 21:07:31,44.00,23.20
2020-04-01 21:07:35,44.00,23.20
2020-04-01 21:07:37,150.00,23.90
2020-04-01 21:07:41,44.00,23.20
2020-04-01 21:07:45,44.00,23.20
2020-04-01 21:07:47,150.00,23.90
2020-04-01 21:07:51,44.00,23.20
2020-04-01 21:07:53,150.00,23.90
2020-04-01 21:07:57,150.00,23.90
2020-04-01 21:08:01,44.00,23.20
2020-04-01 21:08:05,44.00,23.20
2020-04-01 21:08:07,150.00,23.90
2020-04-01 21:08:12,44.00,23.20
2020-04-01 21:08:14,150.00,23.90
2020-04-01 21:08:16,44.00,23.20
2020-04-01 21:08:18,150.00,23.90
2020-04-01 21:08:20,150.00,23.90
2020-04-01 21:08:22,44.00,23.20
2020-04-01 21:08:24,150.00,23.90
2020-04-01 21:08:26,44.00,23.20
2020-04-01 21:08:30,150.00,23.90
2020-04-01 21:08:34,150.00,23.90
2020-04-01 21:08:36,44.00,23.20
2020-04-01 21:08:38,150.00,23.90
2020-04-01 21:08:40,150.00,23.90
2020-04-01 21:08:44,150.00,23.90
2020-04-01 21:08:48,150.00,23.90
2020-04-01 21:08:50,150.00,23.90
2020-04-01 21:08:54,150.00,23.90
2020-04-01 21:08:58,150.00,23.90
2020-04-01 21:09:02,150.00,23.90
2020-04-01 21:09:06,44.00,23.20
2020-04-01 21:09:08,150.00,23.90
2020-04-01 21:09:12,150.00,23.90
2020-04-01 21:09:16,43.00,23.20
2020-04-01 21:09:20,43.00,23.20
2020-04-01 21:09:27,43.00,23.20
2020-04-01 21:09:31,43.00,23.20
2020-04-01 21:09:37,43.00,23.10
2020-04-01 21:09:41,43.00,23.20
2020-04-01 21:09:57,43.00,23.20
2020-04-01 21:10:07,43.00,23.10
2020-04-01 21:10:09,43.00,23.10
2020-04-01 21:10:17,43.00,23.20
2020-04-01 21:10:31,43.00,23.20
2020-04-01 21:10:35,43.00,23.20
2020-04-01 21:10:52,43.00,23.20
2020-04-01 21:11:02,43.00,23.20
2020-04-01 21:11:12,43.00,23.10
2020-04-01 21:11:22,43.00,23.10
2020-04-01 21:11:26,43.00,23.10
2020-04-01 21:11:32,43.00,23.20
2020-04-01 21:11:36,43.00,23.20
2020-04-01 21:11:52,43.00,23.10
2020-04-01 21:11:56,43.00,23.20
2020-04-01 21:12:00,43.00,23.20
2020-04-01 21:12:27,43.00,23.10
2020-04-01 21:12:37,42.00,23.20
2020-04-01 21:12:43,149.00,23.90
2020-04-01 21:12:47,42.00,23.20
2020-04-01 21:12:51,42.00,23.20
2020-04-01 21:12:55,149.00,23.90
2020-04-01 21:12:59,149.00,23.90
2020-04-01 21:13:01,42.00,23.20
2020-04-01 21:13:07,42.00,23.20
2020-04-01 21:13:09,149.00,23.90
2020-04-01 21:13:11,42.00,23.20
2020-04-01 21:13:15,149.00,23.90
2020-04-01 21:13:19,149.00,23.90
2020-04-01 21:13:24,149.00,23.90
2020-04-01 21:13:32,42.00,23.20
2020-04-01 21:13:34,149.00,23.90
2020-04-01 21:13:36,42.00,23.20
2020-04-01 21:13:40,149.00,23.90
2020-04-01 21:13:44,149.00,23.90
2020-04-01 21:13:52,42.00,23.10
2020-04-01 21:14:06,42.00,23.20
2020-04-01 21:14:12,42.00,23.20
2020-04-01 21:14:14,149.00,23.90
2020-04-01 21:14:16,42.00,23.20
2020-04-01 21:14:18,149.00,23.90
2020-04-01 21:14:22,42.00,23.10
2020-04-01 21:14:26,149.00,23.90
2020-04-01 21:14:32,43.00,23.10
2020-04-01 21:14:36,43.00,23.20
2020-04-01 21:14:43,43.00,23.20
2020-04-01 21:14:47,43.00,23.20
2020-04-01 21:14:57,43.00,23.20
2020-04-01 21:15:17,43.00,23.20
2020-04-01 21:15:27,43.00,23.20
2020-04-01 21:15:31,43.00,23.20
2020-04-01 21:15:33,150.00,23.90
2020-04-01 21:15:37,44.00,23.20
2020-04-01 21:15:41,150.00,23.90
2020-04-01 21:15:45,150.00,23.90
2020-04-01 21:15:49,150.00,23.90
2020-04-01 21:15:53,150.00,23.90
2020-04-01 21:15:55,44.00,23.20
2020-04-01 21:15:59,150.00,23.90
2020-04-01 21:16:04,150.00,23.90
2020-04-01 21:16:08,150.00,23.90
2020-04-01 21:16:12,44.00,23.20
2020-04-01 21:16:16,150.00,23.90
2020-04-01 21:16:18,44.00,23.20
2020-04-01 21:16:20,150.00,23.90
2020-04-01 21:16:22,44.00,23.20
2020-04-01 21:16:26,150.00,23.90
2020-04-01 21:16:30,150.00,23.90
2020-04-01 21:16:34,150.00,23.90
2020-04-01 21:16:36,44.00,23.20
2020-04-01 21:16:40,150.00,23.90
2020-04-01 21:16:42,44.00,23.20
2020-04-01 21:16:44,44.00,23.20
2020-04-01 21:16:46,44.00,23.20
2020-04-01 21:16:50,150.00,23.90
2020-04-01 21:16:54,150.00,23.90
2020-04-01 21:16:56,44.00,23.20
2020-04-01 21:17:00,150.00,23.90
2020-04-01 21:17:02,43.00,23.20
2020-04-01 21:17:43,43.00,23.20
2020-04-01 21:18:03,149.00,23.90
2020-04-01 21:18:05,149.00,23.90
2020-04-01 21:18:09,149.00,23.90
2020-04-01 21:18:13,149.00,23.90
2020-04-01 21:18:17,149.00,23.90
2020-04-01 21:18:27,43.00,23.20
2020-04-01 21:18:29,43.00,23.20
2020-04-01 21:18:31,43.00,23.20
2020-04-01 21:18:33,43.00,23.20
2020-04-01 21:18:38,43.00,23.20
2020-04-01 21:18:58,43.00,23.20
2020-04-01 21:19:00,43.00,23.20
2020-04-01 21:19:12,43.00,23.20
2020-04-01 21:19:18,43.00,23.20
2020-04-01 21:19:22,43.00,23.20
2020-04-01 21:19:28,43.00,23.20
2020-04-01 21:19:32,43.00,23.20
2020-04-01 21:19:42,43.00,23.20
2020-04-01 21:19:52,43.00,23.20
2020-04-01 21:19:57,43.00,23.20
2020-04-01 21:20:03,43.00,23.20
2020-04-01 21:20:13,43.00,23.20
2020-04-01 21:21:09,150.00,23.90
2020-04-01 21:21:24,150.00,23.90
2020-04-01 21:21:26,150.00,23.90
2020-04-01 21:21:28,150.00,23.90
2020-04-01 21:21:30,150.00,23.90
2020-04-01 21:21:32,44.00,23.20
2020-04-01 21:21:42,43.00,23.20
2020-04-01 21:21:56,43.00,23.20
2020-04-01 21:22:43,43.00,23.20
2020-04-01 21:23:13,44.00,23.20
2020-04-01 21:23:17,150.00,23.90
2020-04-01 21:23:21,150.00,23.90
2020-04-01 21:23:25,150.00,23.90
2020-04-01 21:23:27,150.00,23.90
2020-04-01 21:23:31,150.00,23.90
2020-04-01 21:23:37,150.00,23.90
2020-04-01 21:23:45,150.00,23.90
2020-04-01 21:23:47,44.00,23.20
2020-04-01 21:23:58,43.00,23.20
2020-04-01 21:24:30,150.00,23.90
2020-04-01 21:24:34,150.00,23.90
2020-04-01 21:24:44,150.00,23.90
2020-04-01 21:24:52,44.00,23.20
2020-04-01 21:24:56,150.00,23.90
2020-04-01 21:25:00,150.00,23.90
2020-04-01 21:25:04,150.00,23.90
2020-04-01 21:25:08,44.00,23.20
2020-04-01 21:25:13,44.00,23.20
2020-04-01 21:25:15,150.00,23.90
2020-04-01 21:25:17,150.00,23.90
2020-04-01 21:25:19,150.00,23.90
2020-04-01 21:25:23,44.00,23.20
2020-04-01 21:25:25,150.00,23.90
2020-04-01 21:25:29,44.00,23.20
2020-04-01 21:25:33,44.00,23.20
2020-04-01 21:25:37,150.00,23.90
2020-04-01 21:25:39,150.00,23.90
2020-04-01 21:25:41,150.00,23.90
2020-04-01 21:25:43,44.00,23.20
2020-04-01 21:25:47,150.00,23.90
2020-04-01 21:25:51,150.00,23.90
2020-04-01 21:25:53,44.00,23.20
2020-04-01 21:25:57,150.00,23.90
2020-04-01 21:26:01,150.00,23.90
2020-04-01 21:26:03,44.00,23.20
2020-04-01 21:26:07,150.00,23.90
2020-04-01 21:26:09,150.00,23.90
2020-04-01 21:26:11,150.00,23.90
2020-04-01 21:26:13,44.00,23.20
2020-04-01 21:26:17,150.00,23.90
2020-04-01 21:26:21,150.00,23.90
2020-04-01 21:26:23,44.00,23.20
2020-04-01 21:26:27,44.00,23.20
2020-04-01 21:26:30,150.00,23.90
2020-04-01 21:26:32,150.00,23.90
2020-04-01 21:26:34,44.00,23.20
2020-04-01 21:27:04,45.00,23.20
2020-04-01 21:27:08,45.00,23.20
2020-04-01 21:28:23,45.00,23.20
2020-04-01 21:29:14,45.00,23.20
2020-04-01 21:29:24,45.00,23.20
2020-04-01 21:29:34,45.00,23.20
2020-04-01 21:30:04,45.00,23.20
2020-04-01 21:30:14,45.00,23.20
2020-04-01 21:30:24,46.00,23.20
2020-04-01 21:30:29,151.00,23.90
2020-04-01 21:30:31,151.00,23.90
2020-04-01 21:30:35,46.00,23.20
2020-04-01 21:30:39,151.00,23.90
2020-04-01 21:30:43,151.00,23.90
2020-04-01 21:30:45,46.00,23.20
2020-04-01 21:30:49,151.00,23.90
2020-04-01 21:30:51,151.00,23.90
2020-04-01 21:30:53,151.00,23.90
2020-04-01 21:30:55,46.00,23.30
2020-04-01 21:30:59,151.00,23.90
2020-04-01 21:31:01,151.00,23.90
2020-04-01 21:31:09,45.00,23.20
2020-04-01 21:31:13,45.00,23.20
2020-04-01 21:31:43,45.00,23.20
2020-04-01 21:31:50,45.00,23.20
2020-04-01 21:32:04,45.00,23.20
2020-04-01 21:32:10,45.00,23.30
2020-04-01 21:32:14,45.00,23.30
2020-04-01 21:32:24,45.00,23.30
2020-04-01 21:32:34,45.00,23.20
2020-04-01 21:32:44,45.00,23.20
2020-04-01 21:32:48,45.00,23.20
2020-04-01 21:32:54,45.00,23.20
2020-04-01 21:32:58,151.00,23.90
2020-04-01 21:33:02,151.00,23.90
2020-04-01 21:33:05,46.00,23.30
2020-04-01 21:33:13,151.00,23.90
2020-04-01 21:33:15,46.00,23.20
2020-04-01 21:33:17,151.00,23.90
2020-04-01 21:33:19,46.00,23.20
2020-04-01 21:33:27,151.00,23.90
2020-04-01 21:33:29,46.00,23.30
2020-04-01 21:33:39,46.00,23.30
2020-04-01 21:34:03,46.00,23.30
2020-04-01 21:34:07,151.00,23.90
2020-04-01 21:34:24,45.00,23.30
2020-04-01 21:34:44,45.00,23.30
2020-04-01 21:34:50,45.00,23.30
2020-04-01 21:34:54,45.00,23.30
2020-04-01 21:35:04,46.00,23.30
2020-04-01 21:35:10,46.00,23.20
2020-04-01 21:35:14,46.00,23.30
2020-04-01 21:35:34,45.00,23.20
2020-04-01 21:35:45,45.00,23.30
2020-04-01 21:35:55,45.00,23.20
2020-04-01 21:36:05,45.00,23.20
2020-04-01 21:36:45,45.00,23.20
2020-04-01 21:36:55,45.00,23.20
2020-04-01 21:37:10,45.00,23.20
2020-04-01 21:37:14,45.00,23.20
2020-04-01 21:37:34,47.00,23.20
2020-04-01 21:37:42,151.00,23.90
2020-04-01 21:37:44,151.00,23.90
2020-04-01 21:37:46,151.00,23.90
2020-04-01 21:37:48,151.00,23.90
2020-04-01 21:38:14,45.00,23.20
2020-04-01 21:38:35,151.00,23.90
2020-04-01 21:38:39,151.00,23.90
2020-04-01 21:38:45,45.00,23.20
2020-04-01 21:38:49,45.00,23.20
2020-04-01 21:38:59,45.00,23.20
2020-04-01 21:39:15,45.00,23.20
2020-04-01 21:39:25,45.00,23.20
2020-04-01 21:39:35,45.00,23.20
2020-04-01 21:39:40,45.00,23.20
2020-04-01 21:39:46,45.00,23.20
2020-04-01 21:39:56,45.00,23.20
2020-04-01 21:40:00,45.00,23.20
2020-04-01 21:40:06,46.00,23.20
2020-04-01 21:40:10,151.00,23.90
2020-04-01 21:40:12,151.00,23.90
2020-04-01 21:40:14,151.00,23.90
2020-04-01 21:40:16,151.00,23.90
2020-04-01 21:40:24,45.00,23.20
2020-04-01 21:40:44,45.00,23.20
2020-04-01 21:40:50,45.00,23.20
2020-04-01 21:41:11,45.00,23.20
2020-04-01 21:41:25,45.00,23.20
2020-04-01 21:41:45,45.00,23.20
2020-04-01 21:41:55,45.00,23.20
2020-04-01 21:42:18,151.00,23.90
2020-04-01 21:42:22,151.00,23.90
2020-04-01 21:42:26,45.00,23.20
2020-04-01 21:42:36,45.00,23.20
2020-04-01 21:42:40,45.00,23.20
2020-04-01 21:42:48,151.00,23.90
2020-04-01 21:42:54,151.00,23.90
2020-04-01 21:42:58,151.00,23.90
2020-04-01 21:43:02,151.00,23.90
2020-04-01 21:43:06,46.00,23.20
2020-04-01 21:43:10,46.00,23.20
2020-04-01 21:43:12,151.00,23.90
2020-04-01 21:43:16,46.00,23.20
2020-04-01 21:43:20,151.00,23.90
2020-04-01 21:43:22,151.00,23.90
2020-04-01 21:43:24,151.00,23.90
2020-04-01 21:43:26,151.00,23.90
2020-04-01 21:43:28,46.00,23.20
2020-04-01 21:43:30,151.00,23.90
2020-04-01 21:43:33,151.00,23.90
2020-04-01 21:43:35,151.00,23.90
2020-04-01 21:43:37,151.00,23.90
2020-04-01 21:43:41,151.00,23.90
2020-04-01 21:43:43,151.00,23.90
2020-04-01 21:43:45,46.00,23.20
2020-04-01 21:43:47,151.00,23.90
2020-04-01 21:43:51,46.00,23.20
2020-04-01 21:43:55,46.00,23.20
2020-04-01 21:43:57,151.00,23.90
2020-04-01 21:44:01,151.00,23.90
2020-04-01 21:44:05,45.00,23.20
2020-04-01 21:44:07,151.00,23.90
2020-04-01 21:44:11,151.00,23.90
2020-04-01 21:44:15,46.00,23.20
2020-04-01 21:44:17,151.00,23.90
2020-04-01 21:44:19,151.00,23.90
2020-04-01 21:44:21,46.00,23.20
2020-04-01 21:44:23,151.00,23.90
2020-04-01 21:44:25,46.00,23.20
2020-04-01 21:44:27,151.00,23.90
2020-04-01 21:44:29,151.00,23.90
2020-04-01 21:44:31,46.00,23.20
2020-04-01 21:44:33,151.00,23.90
2020-04-01 21:44:35,46.00,23.20
2020-04-01 21:44:41,151.00,23.90
2020-04-01 21:44:45,45.00,23.20
2020-04-01 21:44:56,45.00,23.20
2020-04-01 21:45:10,45.00,23.20
2020-04-01 21:45:26,45.00,23.20
2020-04-01 21:46:17,45.00,23.20
2020-04-01 21:46:25,45.00,23.20
2020-04-01 21:46:31,45.00,23.20
2020-04-01 21:46:35,45.00,23.20
2020-04-01 21:46:45,45.00,23.20
2020-04-01 21:47:15,45.00,23.20
2020-04-01 21:47:25,45.00,23.20
2020-04-01 21:47:32,45.00,23.20
2020-04-01 21:47:56,45.00,23.20
2020-04-01 21:48:06,45.00,23.20
2020-04-01 21:48:16,45.00,23.20
2020-04-01 21:48:20,45.00,23.20
2020-04-01 21:48:26,45.00,23.20
2020-04-01 21:48:36,45.00,23.20
2020-04-01 21:49:01,45.00,23.20
2020-04-01 21:49:07,45.00,23.20
2020-04-01 21:49:11,45.00,23.20
2020-04-01 21:49:17,45.00,23.20
2020-04-01 21:49:21,45.00,23.20
2020-04-01 21:49:25,45.00,23.20
2020-04-01 21:49:27,150.00,23.90
2020-04-01 21:49:29,150.00,23.90
2020-04-01 21:49:31,44.00,23.20
2020-04-01 21:49:35,150.00,23.90
2020-04-01 21:49:39,150.00,23.90
2020-04-01 21:49:43,150.00,23.90
2020-04-01 21:49:45,44.00,23.20
2020-04-01 21:49:49,150.00,23.90
2020-04-01 21:49:53,150.00,23.90
2020-04-01 21:49:57,150.00,23.90
2020-04-01 21:50:01,150.00,23.90
2020-04-01 21:50:16,45.00,23.20
2020-04-01 21:50:24,150.00,23.90
2020-04-01 21:50:28,150.00,23.90
2020-04-01 21:50:30,150.00,23.90
2020-04-01 21:50:34,150.00,23.90
2020-04-01 21:50:38,150.00,23.90
2020-04-01 21:50:42,150.00,23.90
2020-04-01 21:50:46,44.00,23.20
2020-04-01 21:50:48,150.00,23.90
2020-04-01 21:50:50,44.00,23.20
2020-04-01 21:50:52,150.00,23.90
2020-04-01 21:50:54,150.00,23.90
2020-04-01 21:50:56,44.00,23.20
2020-04-01 21:51:00,150.00,23.90
2020-04-01 21:51:02,150.00,23.90
2020-04-01 21:51:06,44.00,23.20
2020-04-01 21:51:10,44.00,23.20
2020-04-01 21:51:14,150.00,23.90
2020-04-01 21:51:16,44.00,23.20
2020-04-01 21:51:18,150.00,23.90
2020-04-01 21:51:20,44.00,23.20
2020-04-01 21:51:25,150.00,23.90
2020-04-01 21:51:31,43.00,23.20
2020-04-01 21:51:35,150.00,23.90
2020-04-01 21:51:39,150.00,23.90
2020-04-01 21:51:41,44.00,23.20
2020-04-01 21:51:43,150.00,23.90
2020-04-01 21:51:45,150.00,23.90
2020-04-01 21:51:49,150.00,23.90
2020-04-01 21:51:53,150.00,23.90
2020-04-01 21:51:55,150.00,23.90
2020-04-01 21:51:59,150.00,23.90
2020-04-01 21:52:01,150.00,23.90
2020-04-01 21:52:17,43.00,23.20
2020-04-01 21:52:21,43.00,23.20
2020-04-01 21:52:46,43.00,23.20
2020-04-01 21:52:56,43.00,23.20
2020-04-01 21:53:06,43.00,23.20
2020-04-01 21:53:10,150.00,23.90
2020-04-01 21:53:16,43.00,23.20
2020-04-01 21:53:22,43.00,23.20
2020-04-01 21:53:26,43.00,23.20
2020-04-01 21:53:36,43.00,23.20
2020-04-01 21:53:52,43.00,23.20
2020-04-01 21:54:00,43.00,23.20
2020-04-01 21:54:07,43.00,23.20
2020-04-01 21:54:37,43.00,23.20
2020-04-01 21:54:41,43.00,23.20
2020-04-01 21:54:47,43.00,23.20
2020-04-01 21:54:51,43.00,23.20
2020-04-01 21:54:57,43.00,23.20
2020-04-01 21:55:01,43.00,23.20
2020-04-01 21:55:03,150.00,23.90
2020-04-01 21:55:07,44.00,23.20
2020-04-01 21:55:11,44.00,23.20
2020-04-01 21:55:15,150.00,23.90
2020-04-01 21:55:19,150.00,23.90
2020-04-01 21:55:22,150.00,23.90
2020-04-01 21:55:24,150.00,23.90
2020-04-01 21:55:26,44.00,23.20
2020-04-01 21:55:28,44.00,23.20
2020-04-01 21:55:30,150.00,23.90
2020-04-01 21:55:34,150.00,23.90
2020-04-01 21:55:36,150.00,23.90
2020-04-01 21:55:38,150.00,23.90
2020-04-01 21:55:40,150.00,23.90
2020-04-01 21:55:42,44.00,23.20
2020-04-01 21:55:46,44.00,23.20
2020-04-01 21:55:48,150.00,23.90
2020-04-01 21:55:50,150.00,23.90
2020-04-01 21:55:52,44.00,23.20
2020-04-01 21:55:56,44.00,23.20
2020-04-01 21:55:58,150.00,23.90
2020-04-01 21:56:00,150.00,23.90
2020-04-01 21:56:02,44.00,23.20
2020-04-01 21:56:04,150.00,23.90
2020-04-01 21:56:06,44.00,23.20
2020-04-01 21:56:10,150.00,23.90
2020-04-01 21:56:14,150.00,23.90
2020-04-01 21:56:16,44.00,23.20
2020-04-01 21:56:20,150.00,23.90
2020-04-01 21:56:24,150.00,23.90
2020-04-01 21:56:26,44.00,23.20
2020-04-01 21:56:30,150.00,23.90
2020-04-01 21:56:34,150.00,23.90
2020-04-01 21:56:36,44.00,23.20
2020-04-01 21:56:39,150.00,23.90
2020-04-01 21:56:41,150.00,23.90
2020-04-01 21:56:45,150.00,23.90
2020-04-01 21:56:49,150.00,23.90
2020-04-01 21:56:53,44.00,23.20
2020-04-01 21:56:55,150.00,23.90
2020-04-01 21:56:59,150.00,23.90
2020-04-01 21:57:03,150.00,23.90
2020-04-01 21:57:05,150.00,23.90
2020-04-01 21:57:09,150.00,23.90
2020-04-01 21:57:11,44.00,23.20
2020-04-01 21:57:13,150.00,23.90
2020-04-01 21:57:15,150.00,23.90
2020-04-01 21:57:17,44.00,23.20
2020-04-01 21:57:19,150.00,23.90
2020-04-01 21:57:23,150.00,23.90
2020-04-01 21:57:27,44.00,23.20
2020-04-01 21:57:31,45.00,23.20
2020-04-01 21:57:39,150.00,23.90
2020-04-01 21:57:43,150.00,23.90
2020-04-01 21:57:47,44.00,23.20
2020-04-01 21:57:49,150.00,23.90
2020-04-01 21:57:51,44.00,23.20
2020-04-01 21:57:53,150.00,23.90
2020-04-01 21:57:58,44.00,23.20
2020-04-01 21:58:02,150.00,23.90
2020-04-01 21:58:20,150.00,23.90
2020-04-01 21:58:24,150.00,23.90
2020-04-01 21:58:26,150.00,23.90
2020-04-01 21:58:28,44.00,23.20
2020-04-01 21:58:30,150.00,23.90
2020-04-01 21:58:34,150.00,23.90
2020-04-01 21:58:36,44.00,23.20
2020-04-01 21:58:40,150.00,23.90
2020-04-01 21:58:44,150.00,23.90
2020-04-01 21:58:48,150.00,23.90
2020-04-01 21:58:50,150.00,23.90
2020-04-01 21:58:54,150.00,23.90
2020-04-01 21:58:58,150.00,23.90
2020-04-01 21:59:02,44.00,23.20
2020-04-01 21:59:04,150.00,23.90
2020-04-01 21:59:06,44.00,23.20
2020-04-01 21:59:08,150.00,23.90
2020-04-01 21:59:12,150.00,23.90
2020-04-01 21:59:14,150.00,23.90
2020-04-01 21:59:19,150.00,23.90
2020-04-01 21:59:23,150.00,23.90
2020-04-01 21:59:25,150.00,23.90
2020-04-01 21:59:29,150.00,23.90
2020-04-01 21:59:33,44.00,23.20
2020-04-01 21:59:35,150.00,23.90
2020-04-01 21:59:37,44.00,23.20
2020-04-01 21:59:39,150.00,23.90
2020-04-01 21:59:43,150.00,23.90
2020-04-01 21:59:47,44.00,23.20
2020-04-01 21:59:49,150.00,23.90
2020-04-01 21:59:53,44.00,23.20
2020-04-01 21:59:57,44.00,23.20
2020-04-01 22:00:01,44.00,23.20
2020-04-01 22:00:05,150.00,23.90
2020-04-01 22:00:09,150.00,23.90
2020-04-01 22:00:13,150.00,23.90
2020-04-01 22:00:15,150.00,23.90
2020-04-01 22:00:17,44.00,23.20
2020-04-01 22:00:19,150.00,23.90
2020-04-01 22:00:23,150.00,23.90
2020-04-01 22:00:27,44.00,23.20
2020-04-01 22:00:31,150.00,23.90
2020-04-01 22:00:36,150.00,23.90
2020-04-01 22:00:38,44.00,23.20
2020-04-01 22:00:42,44.00,23.20
2020-04-01 22:00:44,150.00,23.90
2020-04-01 22:00:46,150.00,23.90
2020-04-01 22:00:48,44.00,23.20
2020-04-01 22:00:50,150.00,23.90
2020-04-01 22:00:52,44.00,23.20
2020-04-01 22:00:56,150.00,23.90
2020-04-01 22:00:58,44.00,23.20
2020-04-01 22:01:00,150.00,23.90
2020-04-01 22:01:02,44.00,23.20
2020-04-01 22:01:06,150.00,23.90
2020-04-01 22:01:08,44.00,23.20
2020-04-01 22:01:10,44.00,23.20
2020-04-01 22:01:12,150.00,23.90
2020-04-01 22:01:16,150.00,23.90
2020-04-01 22:01:20,150.00,23.90
2020-04-01 22:01:22,150.00,23.90
2020-04-01 22:01:24,150.00,23.90
2020-04-01 22:01:26,150.00,23.90
2020-04-01 22:01:28,44.00,23.20
2020-04-01 22:01:30,150.00,23.90
2020-04-01 22:01:34,150.00,23.90
2020-04-01 22:01:36,44.00,23.20
2020-04-01 22:01:38,150.00,23.90
2020-04-01 22:01:40,150.00,23.90
2020-04-01 22:01:42,150.00,23.90
2020-04-01 22:01:44,150.00,23.90
2020-04-01 22:01:46,150.00,23.90
2020-04-01 22:01:50,150.00,23.90
2020-04-01 22:01:55,150.00,23.90
2020-04-01 22:01:57,44.00,23.20
2020-04-01 22:02:01,150.00,23.90
2020-04-01 22:02:05,150.00,23.90
2020-04-01 22:02:07,150.00,23.90
2020-04-01 22:02:09,150.00,23.90
2020-04-01 22:02:11,150.00,23.90
2020-04-01 22:02:13,150.00,23.90
2020-04-01 22:02:15,150.00,23.90
2020-04-01 22:02:17,44.00,23.20
2020-04-01 22:02:19,150.00,23.90
2020-04-01 22:02:21,150.00,23.90
2020-04-01 22:02:25,150.00,23.90
2020-04-01 22:02:29,150.00,23.90
2020-04-01 22:02:31,150.00,23.90
2020-04-01 22:02:35,150.00,23.90
2020-04-01 22:02:39,150.00,23.90
2020-04-01 22:02:41,150.00,23.90
2020-04-01 22:02:45,150.00,23.90
2020-04-01 22:02:47,44.00,23.20
2020-04-01 22:02:49,150.00,23.90
2020-04-01 22:02:51,150.00,23.90
2020-04-01 22:02:55,150.00,23.90
2020-04-01 22:02:59,150.00,23.90
2020-04-01 22:03:03,150.00,23.90
2020-04-01 22:03:05,150.00,23.90
2020-04-01 22:03:07,44.00,23.20
2020-04-01 22:03:09,150.00,23.90
2020-04-01 22:03:14,150.00,23.90
2020-04-01 22:03:18,43.00,23.20
2020-04-01 22:03:22,150.00,23.90
2020-04-01 22:03:24,43.00,23.20
2020-04-01 22:03:28,44.00,23.20
2020-04-01 22:03:32,150.00,23.90
2020-04-01 22:03:36,150.00,23.90
2020-04-01 22:03:40,150.00,23.90
2020-04-01 22:03:42,44.00,23.20
2020-04-01 22:03:46,150.00,23.90
2020-04-01 22:03:50,150.00,23.90
2020-04-01 22:03:52,44.00,23.20
2020-04-01 22:03:56,150.00,23.90
2020-04-01 22:04:00,150.00,23.90
2020-04-01 22:04:02,44.00,23.20
2020-04-01 22:04:04,150.00,23.90
2020-04-01 22:04:06,150.00,23.90
2020-04-01 22:04:10,150.00,23.90
2020-04-01 22:04:14,150.00,23.90
2020-04-01 22:04:16,150.00,23.90
2020-04-01 22:04:18,44.00,23.20
2020-04-01 22:04:20,150.00,23.90
2020-04-01 22:04:24,150.00,23.90
2020-04-01 22:04:28,44.00,23.20
2020-04-01 22:04:33,44.00,23.20
2020-04-01 22:04:35,150.00,23.90
2020-04-01 22:04:37,150.00,23.90
2020-04-01 22:04:39,44.00,23.20
2020-04-01 22:04:43,44.00,23.20
2020-04-01 22:04:47,150.00,23.90
2020-04-01 22:04:49,150.00,23.90
2020-04-01 22:04:51,150.00,23.90
2020-04-01 22:04:53,150.00,23.90
2020-04-01 22:04:57,150.00,23.90
2020-04-01 22:05:01,150.00,23.90
2020-04-01 22:05:05,150.00,23.90
2020-04-01 22:05:09,150.00,23.90
2020-04-01 22:05:11,150.00,23.90
2020-04-01 22:05:13,44.00,23.20
2020-04-01 22:05:15,150.00,23.90
2020-04-01 22:05:17,150.00,23.90
2020-04-01 22:05:19,150.00,23.90
2020-04-01 22:05:23,44.00,23.20
2020-04-01 22:05:25,150.00,23.90
2020-04-01 22:05:29,150.00,23.90
2020-04-01 22:05:33,150.00,23.90
2020-04-01 22:05:35,150.00,23.90
2020-04-01 22:05:37,44.00,23.20
2020-04-01 22:05:39,150.00,23.90
2020-04-01 22:05:41,150.00,23.90
2020-04-01 22:05:43,150.00,23.90
2020-04-01 22:05:47,44.00,23.20
2020-04-01 22:05:52,150.00,23.90
2020-04-01 22:05:56,150.00,23.90
2020-04-01 22:06:00,150.00,23.90
2020-04-01 22:06:04,150.00,23.90
2020-04-01 22:06:06,150.00,23.90
2020-04-01 22:06:10,150.00,23.90
2020-04-01 22:06:14,150.00,23.90
2020-04-01 22:06:16,150.00,23.90
2020-04-01 22:06:20,150.00,23.90
2020-04-01 22:06:24,150.00,23.90
2020-04-01 22:06:28,44.00,23.20
2020-04-01 22:06:32,44.00,23.20
2020-04-01 22:06:34,150.00,23.90
2020-04-01 22:06:36,150.00,23.90
2020-04-01 22:06:38,44.00,23.20
2020-04-01 22:06:40,150.00,23.90
2020-04-01 22:06:42,150.00,23.90
2020-04-01 22:06:44,150.00,23.90
2020-04-01 22:06:48,44.00,23.20
2020-04-01 22:06:52,44.00,23.20
2020-04-01 22:06:54,150.00,23.90
2020-04-01 22:06:58,44.00,23.20
2020-04-01 22:07:02,44.00,23.20
2020-04-01 22:07:06,150.00,23.90
2020-04-01 22:07:11,150.00,23.90
2020-04-01 22:07:15,150.00,23.90
2020-04-01 22:07:21,150.00,23.90
2020-04-01 22:07:25,150.00,23.90
2020-04-01 22:07:29,44.00,23.20
2020-04-01 22:07:33,44.00,23.20
2020-04-01 22:07:35,150.00,23.90
2020-04-01 22:07:39,44.00,23.20
2020-04-01 22:07:43,150.00,23.90
2020-04-01 22:07:45,150.00,23.90
2020-04-01 22:07:47,150.00,23.90
2020-04-01 22:07:49,150.00,23.90
2020-04-01 22:07:51,150.00,23.90
2020-04-01 22:07:53,44.00,23.20
2020-04-01 22:07:55,150.00,23.90
2020-04-01 22:07:59,150.00,23.90
2020-04-01 22:08:03,43.00,23.20
2020-04-01 22:08:17,43.00,23.20
2020-04-01 22:08:38,43.00,23.20
2020-04-01 22:08:58,43.00,23.20
2020-04-01 22:09:36,150.00,23.90
2020-04-01 22:09:38,44.00,23.20
2020-04-01 22:09:42,150.00,23.90
2020-04-01 22:09:47,150.00,23.90
2020-04-01 22:09:49,150.00,23.90
2020-04-01 22:09:53,150.00,23.90
2020-04-01 22:09:57,150.00,23.90
2020-04-01 22:10:05,150.00,23.90
2020-04-01 22:10:07,150.00,23.90
2020-04-01 22:10:09,150.00,23.90
2020-04-01 22:10:11,150.00,23.90
2020-04-01 22:10:15,150.00,23.90
2020-04-01 22:10:29,43.00,23.20
2020-04-01 22:10:39,43.00,23.20
2020-04-01 22:10:43,43.00,23.20
2020-04-01 22:10:49,43.00,23.20
2020-04-01 22:10:53,43.00,23.20
2020-04-01 22:10:59,150.00,23.90
2020-04-01 22:11:03,44.00,23.20
2020-04-01 22:11:08,150.00,23.90
2020-04-01 22:11:10,43.00,23.20
2020-04-01 22:11:44,43.00,23.20
2020-04-01 22:11:58,43.00,23.20
2020-04-01 22:12:04,43.00,23.20
2020-04-01 22:12:08,43.00,23.20
2020-04-01 22:12:18,43.00,23.20
2020-04-01 22:12:35,43.00,23.20
2020-04-01 22:12:39,43.00,23.20
2020-04-01 22:12:49,43.00,23.20
2020-04-01 22:13:03,43.00,23.20
2020-04-01 22:13:13,43.00,23.20
2020-04-01 22:13:29,43.00,23.20
2020-04-01 22:13:33,43.00,23.20
2020-04-01 22:13:39,43.00,23.20
2020-04-01 22:13:50,43.00,23.20
2020-04-01 22:13:54,43.00,23.20
2020-04-01 22:14:04,43.00,23.20
2020-04-01 22:14:24,43.00,23.20
2020-04-01 22:14:34,43.00,23.20
2020-04-01 22:14:44,43.00,23.20
2020-04-01 22:14:48,43.00,23.20
2020-04-01 22:15:05,43.00,23.20
2020-04-01 22:15:09,43.00,23.20
2020-04-01 22:15:13,149.00,23.90
2020-04-01 22:15:15,43.00,23.20
2020-04-01 22:15:19,43.00,23.20
2020-04-01 22:15:29,43.00,23.20
2020-04-01 22:15:45,43.00,23.20
2020-04-01 22:15:59,43.00,23.20
2020-04-01 22:16:03,43.00,23.20
2020-04-01 22:16:05,149.00,23.90
2020-04-01 22:16:09,42.00,23.20
2020-04-01 22:16:13,43.00,23.20
2020-04-01 22:16:15,149.00,23.90
2020-04-01 22:16:17,149.00,23.90
2020-04-01 22:16:26,149.00,23.90
2020-04-01 22:16:30,149.00,23.90
2020-04-01 22:16:34,42.00,23.20
2020-04-01 22:16:36,149.00,23.90
2020-04-01 22:16:40,42.00,23.20
2020-04-01 22:16:44,43.00,23.20
2020-04-01 22:16:48,149.00,23.90
2020-04-01 22:16:52,149.00,23.90
2020-04-01 22:16:56,149.00,23.90
2020-04-01 22:16:58,149.00,23.90
2020-04-01 22:17:02,42.00,23.20
2020-04-01 22:17:06,149.00,23.90
2020-04-01 22:17:12,149.00,23.90
2020-04-01 22:17:14,42.00,23.20
2020-04-01 22:17:18,149.00,23.90
2020-04-01 22:17:26,149.00,23.90
2020-04-01 22:17:28,42.00,23.20
2020-04-01 22:17:30,149.00,23.90
2020-04-01 22:17:32,149.00,23.90
2020-04-01 22:17:39,42.00,23.20
2020-04-01 22:17:43,149.00,23.90
2020-04-01 22:17:47,149.00,23.90
2020-04-01 22:17:49,42.00,23.20
2020-04-01 22:17:53,149.00,23.90
2020-04-01 22:17:59,149.00,23.90
2020-04-01 22:18:11,149.00,23.90
2020-04-01 22:18:15,42.00,23.20
2020-04-01 22:18:21,149.00,23.90
2020-04-01 22:18:25,42.00,23.20
2020-04-01 22:18:27,149.00,23.90
2020-04-01 22:18:29,42.00,23.10
2020-04-01 22:18:33,149.00,23.90
2020-04-01 22:18:37,149.00,23.90
2020-04-01 22:18:39,42.00,23.10
2020-04-01 22:18:45,42.00,23.20
2020-04-01 22:18:55,43.00,23.20
2020-04-01 22:19:00,42.00,23.20
2020-04-01 22:19:02,42.00,23.20
2020-04-01 22:19:04,42.00,23.10
2020-04-01 22:19:06,149.00,23.90
2020-04-01 22:19:10,42.00,23.20
2020-04-01 22:19:14,42.00,23.20
2020-04-01 22:19:16,149.00,23.90
2020-04-01 22:19:20,42.00,23.20
2020-04-01 22:19:24,42.00,23.20
2020-04-01 22:19:28,149.00,23.90
2020-04-01 22:19:30,42.00,23.20
2020-04-01 22:19:32,149.00,23.90
2020-04-01 22:19:34,42.00,23.20
2020-04-01 22:19:38,149.00,23.90
2020-04-01 22:19:40,42.00,23.20
2020-04-01 22:19:44,149.00,23.90
2020-04-01 22:19:48,149.00,23.90
2020-04-01 22:19:52,149.00,23.90
2020-04-01 22:19:56,149.00,23.90
2020-04-01 22:19:58,149.00,23.90
2020-04-01 22:20:00,149.00,23.90
2020-04-01 22:20:06,149.00,23.90
2020-04-01 22:20:10,42.00,23.10
2020-04-01 22:20:21,42.00,23.10
2020-04-01 22:20:25,42.00,23.20
2020-04-01 22:20:31,42.00,23.10
2020-04-01 22:20:35,149.00,23.90
2020-04-01 22:20:37,149.00,23.90
2020-04-01 22:20:39,42.00,23.10
2020-04-01 22:20:41,42.00,23.10
2020-04-01 22:20:43,149.00,23.90
2020-04-01 22:20:49,149.00,23.90
2020-04-01 22:20:51,149.00,23.90
2020-04-01 22:20:53,149.00,23.90
2020-04-01 22:20:55,42.00,23.10
2020-04-01 22:20:57,149.00,23.90
2020-04-01 22:20:59,42.00,23.20
2020-04-01 22:21:01,149.00,23.90
2020-04-01 22:21:15,42.00,23.10
2020-04-01 22:21:23,149.00,23.90
2020-04-01 22:21:31,149.00,23.90
2020-04-01 22:21:38,149.00,23.90
2020-04-01 22:21:58,149.00,23.90
2020-04-01 22:22:10,42.00,23.10
2020-04-01 22:22:16,149.00,23.90
2020-04-01 22:22:20,42.00,23.20
2020-04-01 22:22:34,42.00,23.10
2020-04-01 22:22:40,43.00,23.10
2020-04-01 22:23:05,42.00,23.10
2020-04-01 22:23:13,149.00,23.90
2020-04-01 22:23:33,149.00,23.90
2020-04-01 22:23:39,42.00,23.10
2020-04-01 22:23:43,149.00,23.90
2020-04-01 22:23:47,149.00,23.90
2020-04-01 22:24:30,41.00,23.10
2020-04-01 22:25:20,41.00,23.10
2020-04-01 22:26:31,148.00,23.90
2020-04-01 22:26:39,41.00,23.10
2020-04-01 22:27:00,42.00,23.10
2020-04-01 22:27:26,42.00,23.10
2020-04-01 22:27:30,42.00,23.10
2020-04-01 22:27:40,42.00,23.10
2020-04-01 22:27:50,42.00,23.10
2020-04-01 22:28:09,42.00,23.10
2020-04-01 22:28:11,42.00,23.10
2020-04-01 22:28:21,42.00,23.10
2020-04-01 22:28:31,42.00,23.10
2020-04-01 22:28:35,42.00,23.10
2020-04-01 22:28:51,42.00,23.10
2020-04-01 22:28:55,42.00,23.20
2020-04-01 22:29:01,42.00,23.10
2020-04-01 22:29:11,42.00,23.20
2020-04-01 22:29:15,42.00,23.10
2020-04-01 22:29:21,42.00,23.10
2020-04-01 22:30:00,42.00,23.10
2020-04-01 22:30:16,42.00,23.10
2020-04-01 22:30:40,43.00,23.10
2020-04-01 22:30:51,42.00,23.10
2020-04-01 22:31:01,42.00,23.10
2020-04-01 22:31:11,42.00,23.10
2020-04-01 22:31:15,42.00,23.10
2020-04-01 22:31:31,42.00,23.10
2020-04-01 22:31:35,42.00,23.10
2020-04-01 22:31:51,41.00,23.10
2020-04-01 22:32:01,42.00,23.10
2020-04-01 22:32:12,41.00,23.10
2020-04-01 22:32:16,41.00,23.10
2020-04-01 22:33:00,41.00,23.10
2020-04-01 22:33:10,41.00,23.10
2020-04-01 22:33:27,41.00,23.10
2020-04-01 22:33:31,41.00,23.10
2020-04-01 22:33:37,41.00,23.10
2020-04-01 22:33:51,41.00,23.10
2020-04-01 22:34:11,42.00,23.10
2020-04-01 22:34:21,41.00,23.10
2020-04-01 22:34:31,41.00,23.10
2020-04-01 22:34:42,41.00,23.10
2020-04-01 22:34:46,41.00,23.10
2020-04-01 22:35:12,41.00,23.10
2020-04-01 22:35:32,41.00,23.10
2020-04-01 22:35:36,41.00,23.10
2020-04-01 22:36:11,41.00,23.10
2020-04-01 22:36:51,41.00,23.10
2020-04-01 22:36:57,41.00,23.10
2020-04-01 22:37:01,41.00,23.10
2020-04-01 22:37:11,41.00,23.10
2020-04-01 22:37:42,41.00,23.10
2020-04-01 22:38:26,41.00,23.20
2020-04-01 22:38:32,41.00,23.20
2020-04-01 22:38:43,41.00,23.20
2020-04-01 22:38:53,41.00,23.20
2020-04-01 22:38:57,41.00,23.20
2020-04-01 22:39:07,41.00,23.20
2020-04-01 22:39:11,41.00,23.20
2020-04-01 22:39:17,41.00,23.20
2020-04-01 22:39:27,41.00,23.10
2020-04-01 22:39:37,41.00,23.10
2020-04-01 22:39:41,41.00,23.10
2020-04-01 22:39:43,41.00,23.10
2020-04-01 22:39:51,41.00,23.10
2020-04-01 22:40:12,41.00,23.10
2020-04-01 22:40:22,41.00,23.10
2020-04-01 22:40:32,41.00,23.10
2020-04-01 22:40:36,41.00,23.10
2020-04-01 22:40:42,41.00,23.10
2020-04-01 22:40:52,41.00,23.10
2020-04-01 22:41:37,41.00,23.10
2020-04-01 22:42:01,41.00,23.10
2020-04-01 22:42:07,41.00,23.10
2020-04-01 22:42:21,41.00,23.10
2020-04-01 22:42:58,41.00,23.10
2020-04-01 22:43:02,41.00,23.10
2020-04-01 22:43:08,41.00,23.10
2020-04-01 22:43:12,41.00,23.10
2020-04-01 22:43:22,41.00,23.10
2020-04-01 22:43:32,41.00,23.10
2020-04-01 22:43:42,41.00,23.10
2020-04-01 22:43:46,41.00,23.10
2020-04-01 22:43:52,41.00,23.10
2020-04-01 22:43:57,41.00,23.10
2020-04-01 22:44:01,41.00,23.10
2020-04-01 22:44:13,41.00,23.10
2020-04-01 22:44:27,41.00,23.10
2020-04-01 22:44:33,41.00,23.10
2020-04-01 22:44:57,41.00,23.10
2020-04-01 22:45:01,41.00,23.10
2020-04-01 22:45:07,41.00,23.10
2020-04-01 22:45:09,41.00,23.10
2020-04-01 22:45:32,41.00,23.10
2020-04-01 22:46:02,41.00,23.10
2020-04-01 22:46:08,40.00,23.10
2020-04-01 22:46:12,41.00,23.10
2020-04-01 22:46:37,40.00,23.10
2020-04-01 22:46:47,41.00,23.10
2020-04-01 22:46:53,40.00,23.10
2020-04-01 22:46:57,40.00,23.10
2020-04-01 22:47:03,40.00,23.10
2020-04-01 22:47:07,41.00,23.10
2020-04-01 22:47:13,41.00,23.10
2020-04-01 22:47:17,41.00,23.10
2020-04-01 22:47:27,41.00,23.10
2020-04-01 22:47:37,40.00,23.10
2020-04-01 22:47:43,40.00,23.10
2020-04-01 22:47:54,40.00,23.10
2020-04-01 22:47:56,40.00,23.10
2020-04-01 22:47:58,40.00,23.10
2020-04-01 22:48:04,40.00,23.10
2020-04-01 22:48:08,40.00,23.10
2020-04-01 22:48:12,40.00,23.10
2020-04-01 22:48:32,40.00,23.10
2020-04-01 22:48:38,40.00,23.10
2020-04-01 22:48:52,40.00,23.10
2020-04-01 22:49:02,40.00,23.10
2020-04-01 22:49:09,40.00,23.10
2020-04-01 22:49:11,40.00,23.10
2020-04-01 22:49:23,40.00,23.10
2020-04-01 22:49:29,40.00,23.10
2020-04-01 22:49:33,40.00,23.10
2020-04-01 22:49:39,40.00,23.10
2020-04-01 22:49:43,40.00,23.10
2020-04-01 22:49:53,40.00,23.10
2020-04-01 22:50:07,40.00,23.10
2020-04-01 22:50:17,40.00,23.10
2020-04-01 22:50:23,40.00,23.10
2020-04-01 22:50:28,40.00,23.10
2020-04-01 22:50:30,40.00,23.10
2020-04-01 22:50:34,40.00,23.10
2020-04-01 22:50:44,40.00,23.10
2020-04-01 22:50:48,40.00,23.10
2020-04-01 22:50:54,40.00,23.10
2020-04-01 22:50:58,40.00,23.10
2020-04-01 22:51:04,40.00,23.10
2020-04-01 22:51:24,40.00,23.10
2020-04-01 22:51:28,40.00,23.10
2020-04-01 22:51:38,40.00,23.10
2020-04-01 22:51:59,40.00,23.10
2020-04-01 22:52:03,40.00,23.10
2020-04-01 22:52:07,40.00,23.10
2020-04-01 22:52:09,40.00,23.10
2020-04-01 22:52:13,40.00,23.10
2020-04-01 22:52:19,40.00,23.10
2020-04-01 22:52:23,40.00,23.10
2020-04-01 22:52:29,40.00,23.10
2020-04-01 22:52:31,40.00,23.10
2020-04-01 22:52:33,40.00,23.10
2020-04-01 22:52:35,40.00,23.10
2020-04-01 22:52:39,40.00,23.10
2020-04-01 22:52:43,40.00,23.10
2020-04-01 22:52:49,40.00,23.10
2020-04-01 22:52:53,40.00,23.10
2020-04-01 22:52:57,40.00,23.10
2020-04-01 22:52:59,40.00,23.10
2020-04-01 22:53:03,40.00,23.10
2020-04-01 22:53:18,41.00,23.10
2020-04-01 22:53:24,40.00,23.10
2020-04-01 22:53:34,40.00,23.10
2020-04-01 22:53:38,40.00,23.10
2020-04-01 22:53:44,40.00,23.10
2020-04-01 22:53:48,40.00,23.10
2020-04-01 22:53:54,40.00,23.10
2020-04-01 22:53:58,40.00,23.10
2020-04-01 22:54:04,40.00,23.10
2020-04-01 22:54:08,40.00,23.10
2020-04-01 22:54:14,40.00,23.10
2020-04-01 22:54:18,40.00,23.10
2020-04-01 22:54:20,40.00,23.10
2020-04-01 22:54:35,41.00,23.10
2020-04-01 22:54:39,41.00,23.10
2020-04-01 22:54:43,41.00,23.10
2020-04-01 22:54:49,41.00,23.10
2020-04-01 22:54:59,40.00,23.10
2020-04-01 22:55:03,40.00,23.10
2020-04-01 22:55:09,40.00,23.10
2020-04-01 22:55:13,40.00,23.10
2020-04-01 22:55:19,40.00,23.10
2020-04-01 22:55:27,40.00,23.10
2020-04-01 22:55:33,40.00,23.10
2020-04-01 22:55:50,41.00,23.10
2020-04-01 22:55:54,41.00,23.10
2020-04-01 22:56:00,41.00,23.10
2020-04-01 22:56:04,41.00,23.10
2020-04-01 22:56:10,41.00,23.10
2020-04-01 22:56:14,41.00,23.20
2020-04-01 22:56:18,41.00,23.10
2020-04-01 22:56:24,41.00,23.10
2020-04-01 22:56:28,41.00,23.10
2020-04-01 22:56:34,41.00,23.20
2020-04-01 22:56:44,41.00,23.10
2020-04-01 22:56:48,41.00,23.10
2020-04-01 22:56:54,41.00,23.10
2020-04-01 22:56:58,41.00,23.10
2020-04-01 22:57:05,41.00,23.10
2020-04-01 22:57:09,41.00,23.20
2020-04-01 22:57:19,41.00,23.10
2020-04-01 22:57:29,41.00,23.20
2020-04-01 22:57:39,41.00,23.10
2020-04-01 22:57:45,41.00,23.10
2020-04-01 22:57:59,41.00,23.10
2020-04-01 22:58:05,41.00,23.10
2020-04-01 22:58:09,41.00,23.10
2020-04-01 22:58:13,41.00,23.20
2020-04-01 22:58:24,41.00,23.10
2020-04-01 22:58:40,42.00,23.10
2020-04-01 22:58:44,41.00,23.10
2020-04-01 22:58:52,42.00,23.10
2020-04-01 22:58:54,42.00,23.10
2020-04-01 22:59:04,42.00,23.10
2020-04-01 22:59:10,42.00,23.10
2020-04-01 22:59:14,42.00,23.10
2020-04-01 22:59:24,42.00,23.10
2020-04-01 22:59:28,42.00,23.10
2020-04-01 22:59:34,42.00,23.10
2020-04-01 22:59:41,42.00,23.10
2020-04-01 22:59:45,42.00,23.10
2020-04-01 22:59:49,42.00,23.10
2020-04-01 22:59:55,42.00,23.10
2020-04-01 22:59:59,42.00,23.10
2020-04-01 23:00:05,42.00,23.10
2020-04-01 23:00:07,42.00,23.10
2020-04-01 23:00:09,42.00,23.10
2020-04-01 23:00:15,42.00,23.10
2020-04-01 23:00:19,42.00,23.10
2020-04-01 23:00:25,42.00,23.10
2020-04-01 23:00:29,42.00,23.10
2020-04-01 23:00:35,42.00,23.10
2020-04-01 23:00:39,42.00,23.10
2020-04-01 23:00:45,42.00,23.10
2020-04-01 23:00:55,42.00,23.10
2020-04-01 23:01:00,42.00,23.10
2020-04-01 23:01:10,42.00,23.10
2020-04-01 23:01:30,43.00,23.10
2020-04-01 23:01:34,43.00,23.10
2020-04-01 23:01:48,42.00,23.10
2020-04-01 23:02:04,43.00,23.10
2020-04-01 23:02:14,42.00,23.20
2020-04-01 23:02:16,149.00,23.90
2020-04-01 23:02:19,149.00,23.90
2020-04-01 23:02:27,149.00,23.90
2020-04-01 23:02:31,149.00,23.90
2020-04-01 23:02:35,42.00,23.20
2020-04-01 23:02:37,149.00,23.90
2020-04-01 23:02:45,42.00,23.20
2020-04-01 23:02:51,149.00,23.90
2020-04-01 23:02:53,149.00,23.90
2020-04-01 23:02:55,42.00,23.20
2020-04-01 23:02:59,43.00,23.10
2020-04-01 23:03:05,43.00,23.20
2020-04-01 23:03:09,42.00,23.20
2020-04-01 23:03:13,149.00,23.90
2020-04-01 23:03:21,149.00,23.90
2020-04-01 23:03:23,149.00,23.90
2020-04-01 23:03:25,42.00,23.20
2020-04-01 23:03:27,42.00,23.20
2020-04-01 23:03:31,42.00,23.20
2020-04-01 23:03:35,42.00,23.20
2020-04-01 23:03:38,149.00,23.90
2020-04-01 23:03:42,149.00,23.90
2020-04-01 23:03:46,42.00,23.20
2020-04-01 23:03:50,149.00,23.90
2020-04-01 23:03:52,149.00,23.90
2020-04-01 23:03:56,42.00,23.20
2020-04-01 23:04:00,149.00,23.90
2020-04-01 23:04:02,149.00,23.90
2020-04-01 23:04:04,149.00,23.90
2020-04-01 23:04:06,42.00,23.20
2020-04-01 23:04:10,149.00,23.90
2020-04-01 23:04:12,149.00,23.90
2020-04-01 23:04:14,42.00,23.20
2020-04-01 23:04:16,149.00,23.90
2020-04-01 23:04:18,149.00,23.90
2020-04-01 23:04:20,149.00,23.90
2020-04-01 23:04:24,42.00,23.20
2020-04-01 23:04:28,149.00,23.90
2020-04-01 23:04:30,149.00,23.90
2020-04-01 23:04:34,42.00,23.20
2020-04-01 23:04:38,149.00,23.90
2020-04-01 23:04:42,149.00,23.90
2020-04-01 23:04:46,149.00,23.90
2020-04-01 23:04:50,42.00,23.20
2020-04-01 23:04:54,42.00,23.20
2020-04-01 23:04:59,149.00,23.90
2020-04-01 23:05:03,149.00,23.90
2020-04-01 23:05:07,149.00,23.90
2020-04-01 23:05:09,149.00,23.90
2020-04-01 23:05:13,149.00,23.90
2020-04-01 23:05:17,149.00,23.90
2020-04-01 23:05:21,149.00,23.90
2020-04-01 23:05:25,42.00,23.20
2020-04-01 23:05:29,149.00,23.90
2020-04-01 23:05:31,149.00,23.90
2020-04-01 23:05:33,149.00,23.90
2020-04-01 23:05:37,149.00,23.90
2020-04-01 23:05:41,42.00,23.20
2020-04-01 23:05:45,42.00,23.20
2020-04-01 23:05:49,42.00,23.20
2020-04-01 23:05:51,42.00,23.20
2020-04-01 23:05:53,149.00,23.90
2020-04-01 23:05:55,42.00,23.20
2020-04-01 23:06:03,149.00,23.90
2020-04-01 23:06:07,149.00,23.90
2020-04-01 23:06:09,43.00,23.20
2020-04-01 23:06:13,43.00,23.20
2020-04-01 23:06:18,43.00,23.20
2020-04-01 23:06:22,43.00,23.20
2020-04-01 23:06:26,43.00,23.20
2020-04-01 23:06:28,42.00,23.20
2020-04-01 23:06:32,43.00,23.20
2020-04-01 23:06:36,43.00,23.20
2020-04-01 23:06:38,42.00,23.20
2020-04-01 23:06:40,43.00,23.20
2020-04-01 23:06:44,43.00,23.20
2020-04-01 23:06:46,43.00,23.20
2020-04-01 23:06:54,43.00,23.20
2020-04-01 23:06:56,42.00,23.20
2020-04-01 23:06:58,43.00,23.20
2020-04-01 23:07:02,149.00,23.90
2020-04-01 23:07:06,149.00,23.90
2020-04-01 23:07:10,42.00,23.20
2020-04-01 23:07:12,149.00,23.90
2020-04-01 23:07:24,149.00,23.90
2020-04-01 23:07:26,42.00,23.20
2020-04-01 23:07:30,42.00,23.20
2020-04-01 23:07:35,42.00,23.20
2020-04-01 23:07:37,149.00,23.90
2020-04-01 23:07:41,42.00,23.20
2020-04-01 23:07:45,149.00,23.90
2020-04-01 23:07:49,149.00,23.90
2020-04-01 23:07:53,149.00,23.90
2020-04-01 23:07:55,42.00,23.20
2020-04-01 23:07:59,149.00,23.90
2020-04-01 23:08:01,42.00,23.20
2020-04-01 23:08:03,42.00,23.20
2020-04-01 23:08:05,42.00,23.20
2020-04-01 23:08:09,149.00,23.90
2020-04-01 23:08:11,149.00,23.90
2020-04-01 23:08:13,42.00,23.20
2020-04-01 23:08:15,42.00,23.20
2020-04-01 23:08:19,149.00,23.90
2020-04-01 23:08:23,149.00,23.90
2020-04-01 23:08:27,149.00,23.90
2020-04-01 23:08:29,149.00,23.90
2020-04-01 23:08:31,42.00,23.20
2020-04-01 23:08:33,149.00,23.90
2020-04-01 23:08:35,42.00,23.20
2020-04-01 23:08:37,42.00,23.20
2020-04-01 23:08:39,149.00,23.90
2020-04-01 23:08:45,42.00,23.10
2020-04-01 23:08:47,42.00,23.10
2020-04-01 23:08:49,42.00,23.20
2020-04-01 23:08:52,42.00,23.10
2020-04-01 23:08:58,42.00,23.10
2020-04-01 23:09:02,42.00,23.10
2020-04-01 23:09:06,43.00,23.10
